iso3,country,region,gdppc_2022,flfp_2023
ALB,Albania,Europe & Central Asia,5867.65096230557,57.963
DZA,Algeria,"Middle East, North Africa, Afghanistan & Pakistan",4544.46688060372,14.338
AGO,Angola,Sub-Saharan Africa,2798.01717317688,72.318
ARG,Argentina,Latin America & Caribbean,13276.8232110189,52.958
ARM,Armenia,Europe & Central Asia,4791.00481712183,51.517
AUS,Australia,East Asia & Pacific,61200.4588964781,62.576
AUT,Austria,Europe & Central Asia,47332.4240357971,55.812
AZE,Azerbaijan,Europe & Central Asia,5599.58524971025,61.748
BHS,"Bahamas, The",Latin America & Caribbean,32186.4575039237,71.014
BHR,Bahrain,"Middle East, North Africa, Afghanistan & Pakistan",25234.40256182,42.382
BGD,Bangladesh,South Asia,1804.3493461776,41.874
BRB,Barbados,Latin America & Caribbean,21315.9363255517,61.146
BLR,Belarus,Europe & Central Asia,6206.61909685419,57.417
BEL,Belgium,Europe & Central Asia,44516.002160801,49.834
BLZ,Belize,Latin America & Caribbean,6262.56088273674,44.076
BEN,Benin,Sub-Saharan Africa,1218.49668929091,74.802
BTN,Bhutan,South Asia,3349.73309632799,56.618
BOL,Bolivia,Latin America & Caribbean,3088.24126173436,72.455
BIH,Bosnia and Herzegovina,Europe & Central Asia,6327.16206849174,39.533
BWA,Botswana,Sub-Saharan Africa,7159.5860618268,63.426
BRA,Brazil,Latin America & Caribbean,9032.08481566299,53.205
BRN,Brunei Darussalam,East Asia & Pacific,28549.1756060465,54.827
BGR,Bulgaria,Europe & Central Asia,9598.35828571579,51.029
BFA,Burkina Faso,Sub-Saharan Africa,740.306319930259,64.722
BDI,Burundi,Sub-Saharan Africa,263.587550049119,79.98
CPV,Cabo Verde,Sub-Saharan Africa,3997.76763250653,50.216
KHM,Cambodia,East Asia & Pacific,2011.27433313262,77.22
CMR,Cameroon,Sub-Saharan Africa,1458.66180431693,57.095
CAN,Canada,North America,45883.0058941892,61.134
CAF,Central African Republic,Sub-Saharan Africa,398.91539795642,65.608
TCD,Chad,Sub-Saharan Africa,862.602128172536,47.817
CHI,Channel Islands,Europe & Central Asia,67508.9385276664,50.001
CHL,Chile,Latin America & Caribbean,14275.4094646211,51.963
CHN,China,East Asia & Pacific,11830.298767861,60.216
COL,Colombia,Latin America & Caribbean,6856.72590505374,51.833
COM,Comoros,Sub-Saharan Africa,1366.9513495529,47.058
COD,"Congo, Dem. Rep.",Sub-Saharan Africa,513.512704372167,61.719
COG,"Congo, Rep.",Sub-Saharan Africa,1686.00234391385,65.642
CRI,Costa Rica,Latin America & Caribbean,13931.8461614764,44.088
CIV,Cote d'Ivoire,Sub-Saharan Africa,2227.08197820584,59.258
HRV,Croatia,Europe & Central Asia,16618.3333786183,47.139
CUB,Cuba,Latin America & Caribbean,7552.33152218842,41.159
CYP,Cyprus,Europe & Central Asia,31505.2109375,62.495
CZE,Czechia,Europe & Central Asia,20627.348651011,53.241
DNK,Denmark,Europe & Central Asia,59108.7449374068,59.812
DJI,Djibouti,"Middle East, North Africa, Afghanistan & Pakistan",2959.78673011268,18.936
DOM,Dominican Republic,Latin America & Caribbean,8698.13592094395,52.482
ECU,Ecuador,Latin America & Caribbean,6107.49495006543,52.521
EGY,"Egypt, Arab Rep.","Middle East, North Africa, Afghanistan & Pakistan",4029.78295458204,18.478
SLV,El Salvador,Latin America & Caribbean,4355.96037108555,48.521
GNQ,Equatorial Guinea,Sub-Saharan Africa,5524.24312418579,53.265
EST,Estonia,Europe & Central Asia,21023.2994937246,61.049
SWZ,Eswatini,Sub-Saharan Africa,3695.64957179548,48.24
ETH,Ethiopia,Sub-Saharan Africa,811.177729337321,58.141
FJI,Fiji,East Asia & Pacific,5291.51692439451,38.419
FIN,Finland,Europe & Central Asia,46016.1492103929,57.489
FRA,France,Europe & Central Asia,38868.3303330557,52.108
PYF,French Polynesia,East Asia & Pacific,20160.4994298379,47.404
GAB,Gabon,Sub-Saharan Africa,6527.48207901861,41.876
GMB,"Gambia, The",Sub-Saharan Africa,710.686979216316,45.242
GEO,Georgia,Europe & Central Asia,5736.30449578597,56.251
DEU,Germany,Europe & Central Asia,44817.1316331389,55.821
GHA,Ghana,Sub-Saharan Africa,2067.20895855521,55.53
GRC,Greece,Europe & Central Asia,20550.5049158297,44.646
GUM,Guam,East Asia & Pacific,34627.9862781837,56.391
GTM,Guatemala,Latin America & Caribbean,4383.90326160481,38.14
GIN,Guinea,Sub-Saharan Africa,987.502501465337,42.739
GNB,Guinea-Bissau,Sub-Saharan Africa,752.149255217249,60.084
GUY,Guyana,Latin America & Caribbean,17365.3336428642,46.479
HTI,Haiti,Latin America & Caribbean,1256.72143592448,59.351
HND,Honduras,Latin America & Caribbean,2482.22384904714,39.364
HKG,"Hong Kong SAR, China",East Asia & Pacific,43281.0067309646,52.27
HUN,Hungary,Europe & Central Asia,16487.7973935944,53.995
ISL,Iceland,Europe & Central Asia,57626.2533717585,70.368
IND,India,South Asia,2098.21124476122,30.984
IDN,Indonesia,East Asia & Pacific,4024.91225288391,53.487
IRN,"Iran, Islamic Rep.","Middle East, North Africa, Afghanistan & Pakistan",5465.31447539413,14.128
IRQ,Iraq,"Middle East, North Africa, Afghanistan & Pakistan",4412.99733146512,10.913
IRL,Ireland,Europe & Central Asia,97793.5366671697,60.155
ISR,Israel,"Middle East, North Africa, Afghanistan & Pakistan",42539.2748766689,61.338
ITA,Italy,Europe & Central Asia,33891.8866526216,41.312
JAM,Jamaica,Latin America & Caribbean,5965.46127464873,63.047
JPN,Japan,East Asia & Pacific,37448.3504824849,54.847
JOR,Jordan,"Middle East, North Africa, Afghanistan & Pakistan",4309.61432856804,15.933
KAZ,Kazakhstan,Europe & Central Asia,11058.3482413407,65.029
KEN,Kenya,Sub-Saharan Africa,1747.53198804428,62.946
KOR,"Korea, Rep.",East Asia & Pacific,35809.0138105144,56.038
KWT,Kuwait,"Middle East, North Africa, Afghanistan & Pakistan",26579.8321646876,48.179
KGZ,Kyrgyz Republic,Europe & Central Asia,1212.17812721768,43.495
LAO,Lao PDR,East Asia & Pacific,2589.05015191628,61.407
LVA,Latvia,Europe & Central Asia,16421.3748596,55.436
LBN,Lebanon,"Middle East, North Africa, Afghanistan & Pakistan",5909.03651555028,22.234
LSO,Lesotho,Sub-Saharan Africa,967.51928598325,48.426
LBR,Liberia,Sub-Saharan Africa,638.005183858289,71.966
LBY,Libya,"Middle East, North Africa, Afghanistan & Pakistan",7002.68189296358,33.465
LTU,Lithuania,Europe & Central Asia,18873.8427527274,57.914
LUX,Luxembourg,Europe & Central Asia,107467.123965307,57.196
MAC,"Macao SAR, China",East Asia & Pacific,34000.7134128308,62.631
MDG,Madagascar,Sub-Saharan Africa,438.438112102315,82.866
MWI,Malawi,Sub-Saharan Africa,560.635759714941,58.644
MYS,Malaysia,East Asia & Pacific,11191.6511756943,51.592
MDV,Maldives,South Asia,10939.9963271738,40.311
MLI,Mali,Sub-Saharan Africa,877.817842434642,53.06
MLT,Malta,"Middle East, North Africa, Afghanistan & Pakistan",31447.3917315418,55.525
MRT,Mauritania,Sub-Saharan Africa,1580.70391528747,26.198
MUS,Mauritius,Sub-Saharan Africa,10703.2364271462,47.644
MEX,Mexico,Latin America & Caribbean,10013.2479227064,47.317
MDA,Moldova,Europe & Central Asia,3610.14315344719,70.064
MNG,Mongolia,East Asia & Pacific,4205.88554513551,52.467
MNE,Montenegro,Europe & Central Asia,7773.59958791074,51.777
MAR,Morocco,"Middle East, North Africa, Afghanistan & Pakistan",3334.91162109375,19.671
MOZ,Mozambique,Sub-Saharan Africa,596.086630918965,77.269
MMR,Myanmar,East Asia & Pacific,1174.76697945755,41.051
NAM,Namibia,Sub-Saharan Africa,3905.55135268164,54.828
NPL,Nepal,South Asia,1113.55462341223,27.302
NLD,Netherlands,Europe & Central Asia,51777.5314828276,63.079
NZL,New Zealand,East Asia & Pacific,42716.0866783034,66.922
NIC,Nicaragua,Latin America & Caribbean,2175.73845893874,50.728
NER,Niger,Sub-Saharan Africa,565.873385794358,72.501
NGA,Nigeria,Sub-Saharan Africa,2254.29080414598,80.693
MKD,North Macedonia,Europe & Central Asia,6250.62720952063,42.158
NOR,Norway,Europe & Central Asia,83756.7383805061,62.371
OMN,Oman,"Middle East, North Africa, Afghanistan & Pakistan",18792.4460565306,30.321
PAK,Pakistan,"Middle East, North Africa, Afghanistan & Pakistan",1642.28066974826,23.997
PAN,Panama,Latin America & Caribbean,15956.0671087873,52.694
PNG,Papua New Guinea,East Asia & Pacific,2467.24008628973,50.644
PRY,Paraguay,Latin America & Caribbean,6204.20811531911,58.994
PER,Peru,Latin America & Caribbean,6671.28902042137,65.083
PHL,Philippines,East Asia & Pacific,3577.70136573244,50.445
POL,Poland,Europe & Central Asia,17303.64494323,52.209
PRT,Portugal,Europe & Central Asia,22042.8680283647,54.719
PRI,Puerto Rico (US),Latin America & Caribbean,29643.6396279994,36.29
QAT,Qatar,"Middle East, North Africa, Afghanistan & Pakistan",64315.6263643699,63.308
ROU,Romania,Europe & Central Asia,12076.3033811896,42.172
RUS,Russian Federation,Europe & Central Asia,10119.115234375,55.363
RWA,Rwanda,Sub-Saharan Africa,935.89483254264,58.044
WSM,Samoa,East Asia & Pacific,4095.15875576978,31.158
STP,Sao Tome and Principe,Sub-Saharan Africa,1403.23356704678,22.874
SAU,Saudi Arabia,"Middle East, North Africa, Afghanistan & Pakistan",26706.917926066,34.278
SEN,Senegal,Sub-Saharan Africa,1433.19918752288,37.767
SRB,Serbia,Europe & Central Asia,7862.95387364846,51.414
SLE,Sierra Leone,Sub-Saharan Africa,1077.08884538507,51.774
SGP,Singapore,East Asia & Pacific,68271.0897525302,63.299
SVK,Slovak Republic,Europe & Central Asia,18964.8298400624,55.698
SVN,Slovenia,Europe & Central Asia,25275.715967757,52.986
SLB,Solomon Islands,East Asia & Pacific,1788.61727922057,82.327
SOM,"Somalia, Fed. Rep.",Sub-Saharan Africa,460.046226685238,20.707
ZAF,South Africa,Sub-Saharan Africa,5786.86505344736,49.052
ESP,Spain,Europe & Central Asia,28203.1093419474,52.773
LKA,Sri Lanka,South Asia,4033.14560306744,29.6
LCA,St. Lucia,Latin America & Caribbean,11258.6110790564,62.135
VCT,St. Vincent and the Grenadines,Latin America & Caribbean,8532.7381341339,58.568
SUR,Suriname,Latin America & Caribbean,7081.33357325783,44.348
SWE,Sweden,Europe & Central Asia,54304.1877501033,61.685
CHE,Switzerland,Europe & Central Asia,93360.440112464,62.375
SYR,Syrian Arab Republic,"Middle East, North Africa, Afghanistan & Pakistan",716.943843933856,12.879
TJK,Tajikistan,Europe & Central Asia,1325.75545290849,21.674
TZA,Tanzania,Sub-Saharan Africa,1070.58532714844,80.33
THA,Thailand,East Asia & Pacific,6279.82250415973,60.311
TLS,Timor-Leste,East Asia & Pacific,1579.71084680858,60.774
TGO,Togo,Sub-Saharan Africa,970.535975822983,56.49
TON,Tonga,East Asia & Pacific,4533.96809820124,42.617
TTO,Trinidad and Tobago,Latin America & Caribbean,15712.230497272,50.031
TUN,Tunisia,"Middle East, North Africa, Afghanistan & Pakistan",3986.54558325666,26.781
TUR,Turkiye,Europe & Central Asia,14273.5747654873,35.764
TKM,Turkmenistan,Europe & Central Asia,7549.25301930356,38.228
UGA,Uganda,Sub-Saharan Africa,933.094056370423,75.445
ARE,United Arab Emirates,"Middle East, North Africa, Afghanistan & Pakistan",41828.5686923546,52.347
GBR,United Kingdom,Europe & Central Asia,48410.095170282,57.38
USA,United States,North America,64322.2332819139,56.602
URY,Uruguay,Latin America & Caribbean,18249.2912168828,56.518
UZB,Uzbekistan,Europe & Central Asia,4109.08421031655,41.24
VUT,Vanuatu,East Asia & Pacific,3073.86062658113,53.604
VEN,"Venezuela, RB",Latin America & Caribbean,1376.93801227125,36.158
VNM,Viet Nam,East Asia & Pacific,3617.66311280437,69.215
VIR,Virgin Islands (U.S.),Latin America & Caribbean,36983.431060272,52.999
ZMB,Zambia,Sub-Saharan Africa,1298.8480495593,56.361
ZWE,Zimbabwe,Sub-Saharan Africa,1369.19761495571,62.178
