iso3,country,year,region,income,capital,lat,lon,gdppc_ppp,gdp_growth,inflation,lfp_total,lfp_female,enrol_prim,life_exp,internet
BGD,Bangladesh,1990,South Asia,Lower middle income,Dhaka,23.7055,90.4113,2069.78230100672,5.62225816160344,6.12671846981458,56.777,24.207,75.4154434204102,55.822,0
BGD,Bangladesh,1991,South Asia,Lower middle income,Dhaka,23.7055,90.4113,2101.38366035658,3.48522781598027,6.35736412278234,56.918,24.564,,53.781,
BGD,Bangladesh,1992,South Asia,Lower middle income,Dhaka,23.7055,90.4113,2174.38232866943,5.44268554966725,3.63407691798491,57.069,24.977,,56.592,
BGD,Bangladesh,1993,South Asia,Lower middle income,Dhaka,23.7055,90.4113,2234.8101219225,4.71156172453999,3.01481859989799,57.219,25.434,,57.073,
BGD,Bangladesh,1994,South Asia,Lower middle income,Dhaka,23.7055,90.4113,2279.09435302944,3.89012644116818,5.31374007936498,57.375,25.931,,57.64,
BGD,Bangladesh,1995,South Asia,Lower middle income,Dhaka,23.7055,90.4113,2351.70387946903,5.12127789724337,10.2978117947206,57.533,26.467,,58.244,
BGD,Bangladesh,1996,South Asia,Lower middle income,Dhaka,23.7055,90.4113,2413.54298201505,4.52291921684423,2.37712902953223,57.69,27.021,,58.94,
BGD,Bangladesh,1997,South Asia,Lower middle income,Dhaka,23.7055,90.4113,2475.59574602489,4.4898964976265,5.30560105668802,57.837,27.531,,59.671,7.51e-4
BGD,Bangladesh,1998,South Asia,Lower middle income,Dhaka,23.7055,90.4113,2555.06119218282,5.1770268731498,8.40223795613228,57.966,27.966,,60.429,0.00368
BGD,Bangladesh,1999,South Asia,Lower middle income,Dhaka,23.7055,90.4113,2624.06553797638,4.67015636882111,6.10669589841958,58.076,28.345,,61.244,0.0362
BGD,Bangladesh,2000,South Asia,Lower middle income,Dhaka,23.7055,90.4113,2712.93512215725,5.29329471892532,2.20825620937535,58.163,28.671,,62.049,0.0710394230507683
BGD,Bangladesh,2001,South Asia,Lower middle income,Dhaka,23.7055,90.4113,2803.55471950946,5.07728777526728,2.0071737421384,58.206,28.878,,62.836,0.129807973947512
BGD,Bangladesh,2002,South Asia,Lower middle income,Dhaka,23.7055,90.4113,2866.43454328715,3.83312393993225,3.33256493271913,58.207,28.98,,63.591,0.13992028850905
BGD,Bangladesh,2003,South Asia,Lower middle income,Dhaka,23.7055,90.4113,2958.91503115633,4.73956739963045,5.66870773441476,58.187,29.055,,64.288,0.163877665498048
BGD,Bangladesh,2004,South Asia,Lower middle income,Dhaka,23.7055,90.4113,3071.83778764611,5.23953291029852,7.5875363850469,58.156,29.123,,64.912,0.199036333744363
BGD,Bangladesh,2005,South Asia,Lower middle income,Dhaka,23.7055,90.4113,3231.61370692891,6.53594493875502,7.04661816222039,58.12,29.194,96.386833190918,65.509,0.241600007
BGD,Bangladesh,2006,South Asia,Lower middle income,Dhaka,23.7055,90.4113,3407.4273502159,6.67190498576788,6.76526117054757,58.071,29.241,95.8766021728516,66.048,1
BGD,Bangladesh,2007,South Asia,Lower middle income,Dhaka,23.7055,90.4113,3608.91543819399,7.05859935449848,9.10698496905383,58.198,30.797,93.662353515625,66.458,1.799999952
BGD,Bangladesh,2008,South Asia,Lower middle income,Dhaka,23.7055,90.4113,3787.9382761855,6.01378975738535,8.90194489465154,58.324,32.398,90.3782272338867,67.047,2.5
BGD,Bangladesh,2009,South Asia,Lower middle income,Dhaka,23.7055,90.4113,3942.13631207203,5.04512479919337,5.42347236174679,58.45,34.041,92.5936737060547,67.527,3.0999999049999998
BGD,Bangladesh,2010,South Asia,Lower middle income,Dhaka,23.7055,90.4113,4125.46390163202,5.57178818533122,8.12667639169917,58.576,35.723,94.7762261175806,68.009,3.700000048
BGD,Bangladesh,2011,South Asia,Lower middle income,Dhaka,23.7055,90.4113,4352.42643359325,6.46437912497728,11.3951651552399,58.112,35.021,,68.499,4.5
BGD,Bangladesh,2012,South Asia,Lower middle income,Dhaka,23.7055,90.4113,4592.04840919812,6.52145877906443,6.21750422069284,57.647,34.316,,68.989,5
BGD,Bangladesh,2013,South Asia,Lower middle income,Dhaka,23.7055,90.4113,4822.72621378266,6.01360565834344,7.53040640913172,57.18,33.616,,69.487,6.63
BGD,Bangladesh,2014,South Asia,Lower middle income,Dhaka,23.7055,90.4113,5068.63965672741,6.0610593588495,6.99163889220849,56.817,33.571,,70.016,9.052900314
BGD,Bangladesh,2015,South Asia,Lower middle income,Dhaka,23.7055,90.4113,5352.71133299566,6.55263987816197,6.19428022984984,56.454,33.531,,70.543,12.36880016
BGD,Bangladesh,2016,South Asia,Lower middle income,Dhaka,23.7055,90.4113,5682.53553494306,7.11347821270093,5.51352572692995,56.09,33.497,,71.075,16.89909935
BGD,Bangladesh,2017,South Asia,Lower middle income,Dhaka,23.7055,90.4113,6005.70718781048,6.59024999794057,5.70207015717239,58.328,36.676,105.128820425409,71.606,21.5
BGD,Bangladesh,2018,South Asia,Lower middle income,Dhaka,23.7055,90.4113,6392.59334024091,7.31941263014136,5.54362139486476,58.915,38.056,107.18995771035,72.122,25.56509972
BGD,Bangladesh,2019,South Asia,Lower middle income,Dhaka,23.7055,90.4113,6838.32611608243,7.88191515117722,5.59199639930629,59.47,39.33,,72.625,30.38310051
BGD,Bangladesh,2020,South Asia,Lower middle income,Dhaka,23.7055,90.4113,7015.19792797056,3.44801755122445,5.69107474746211,59.77,40.323,110.066619873047,71.421,36.10910034
BGD,Bangladesh,2021,South Asia,Lower middle income,Dhaka,23.7055,90.4113,7441.06913961254,6.93867912442445,5.54565430773473,61.085,42.181,106.334849059692,71.103,38.91744466
BGD,Bangladesh,2022,South Asia,Lower middle income,Dhaka,23.7055,90.4113,7888.16389098304,7.09982877575158,7.69695437176898,61.873,43.687,107.802066750685,74.265,41.61650085
BGD,Bangladesh,2023,South Asia,Lower middle income,Dhaka,23.7055,90.4113,8242.39798977242,5.77511237007889,9.8835030377921,60.885,41.874,103.116421399751,74.672,44.50274195
BGD,Bangladesh,2024,South Asia,Lower middle income,Dhaka,23.7055,90.4113,8486.78495660517,4.22325911250161,10.4657482763412,58.903,38.708,106.491310395865,74.93,53.42171316
BGD,Bangladesh,2025,South Asia,Lower middle income,Dhaka,23.7055,90.4113,8676.7557622508,3.48990671836833,8.7687628116114,58.796,38.649,,,
ETH,Ethiopia,1990,Sub-Saharan Africa,Not classified,Addis Ababa,9.02274,38.7468,874.346936177412,2.72645178272684,5.15248124174767,81.806,74.913,35.6632194519043,45.117,0
ETH,Ethiopia,1991,Sub-Saharan Africa,Not classified,Addis Ababa,9.02274,38.7468,777.523566111367,-7.13747971659305,35.7225982298715,81.801,74.902,32.24951171875,46.657,
ETH,Ethiopia,1992,Sub-Saharan Africa,Not classified,Addis Ababa,9.02274,38.7468,680.834766968487,-8.6724801143672,10.5274440119592,81.803,74.884,26.0608501434326,47.279,
ETH,Ethiopia,1993,Sub-Saharan Africa,Not classified,Addis Ababa,9.02274,38.7468,743.708485784759,13.1428339363255,3.54306596166032,81.831,74.847,22.7072906494141,47.676,
ETH,Ethiopia,1994,Sub-Saharan Africa,Not classified,Addis Ababa,9.02274,38.7468,741.176623590106,3.18996458331273,7.59387600185337,81.861,74.811,26.9080104827881,47.926,
ETH,Ethiopia,1995,Sub-Saharan Africa,Not classified,Addis Ababa,9.02274,38.7468,760.264345010486,6.12751141587474,10.0221733553239,81.891,74.774,30.682279586792,48.156,1.75e-5
ETH,Ethiopia,1996,Sub-Saharan Africa,Not classified,Addis Ababa,9.02274,38.7468,826.991658768996,12.4261737814951,-8.48424868948825,81.925,74.735,36.3454704284668,48.697,0.0017
ETH,Ethiopia,1997,Sub-Saharan Africa,Not classified,Addis Ababa,9.02274,38.7468,826.005218027215,3.1339068517801,2.39520958083829,81.965,74.691,41.0171699523926,49.21,0.00497
ETH,Ethiopia,1998,Sub-Saharan Africa,Not classified,Addis Ababa,9.02274,38.7468,772.786646386223,-3.4581391346848,0.894801693964107,82.009,74.645,49.6886405944824,49.785,0.00966
ETH,Ethiopia,1999,Sub-Saharan Africa,Not classified,Addis Ababa,9.02274,38.7468,787.679577475987,5.16214582255112,7.94144864137325,82.047,74.606,48.1957511901855,49.486,0.0125
ETH,Ethiopia,2000,Sub-Saharan Africa,Not classified,Addis Ababa,9.02274,38.7468,810.270749115591,6.07321748125295,0.662458109266482,82.073,74.575,52.2387313842773,50.88,0.0152637672082567
ETH,Ethiopia,2001,Sub-Saharan Africa,Not classified,Addis Ababa,9.02274,38.7468,851.313428411291,8.30130632267965,-8.23784453391137,82.085,74.554,57.1306991577148,51.428,0.0371623810686744
ETH,Ethiopia,2002,Sub-Saharan Africa,Not classified,Addis Ababa,9.02274,38.7468,838.298046952135,1.51472570667433,0.675089102170801,82.082,74.546,59.6043586730957,52.085,0.0724022618698295
ETH,Ethiopia,2003,Sub-Saharan Africa,Not classified,Addis Ababa,9.02274,38.7468,795.772138298998,-2.16135972256865,13.6740452028272,82.067,74.548,60.7021408081055,52.877,0.105811658802603
ETH,Ethiopia,2004,Sub-Saharan Africa,Not classified,Addis Ababa,9.02274,38.7468,877.114494958363,13.5726031401471,3.32737047894847,82.046,74.557,63.5657081604004,53.735,0.155334520794722
ETH,Ethiopia,2005,Sub-Saharan Africa,Not classified,Addis Ababa,9.02274,38.7468,952.115666282409,11.8187659491625,9.96997123512892,82.019,74.571,74.5096893310547,54.364,0.219659818999505
ETH,Ethiopia,2006,Sub-Saharan Africa,Not classified,Addis Ababa,9.02274,38.7468,1024.72911937532,10.8347270679373,12.2994763114825,81.923,74.525,79.2329330444336,55.402,0.310592656856176
ETH,Ethiopia,2007,Sub-Saharan Africa,Not classified,Addis Ababa,9.02274,38.7468,1109.14330259683,11.4561670019891,17.2404008340898,81.826,74.481,85.4697265625,56.566,0.37
ETH,Ethiopia,2008,Sub-Saharan Africa,Not classified,Addis Ababa,9.02274,38.7468,1193.74728331296,10.7885216870332,44.3566858766952,81.729,74.439,91.4530181884766,57.733,0.449999988
ETH,Ethiopia,2009,Sub-Saharan Africa,Not classified,Addis Ababa,9.02274,38.7468,1262.46398000981,8.8025531990487,8.48364404530282,81.632,74.399,90.3419418334961,58.715,0.540000021
ETH,Ethiopia,2010,Sub-Saharan Africa,Not classified,Addis Ababa,9.02274,38.7468,1381.19044650715,12.5505383347633,8.14926402965082,81.534,74.36,88.511037030714,59.709,0.75
ETH,Ethiopia,2011,Sub-Saharan Africa,Not classified,Addis Ababa,9.02274,38.7468,1492.53396469943,11.1782962297008,33.2499598823344,81.435,74.322,90.6282577514648,60.595,1.100000024
ETH,Ethiopia,2012,Sub-Saharan Africa,Not classified,Addis Ababa,9.02274,38.7468,1576.76875733933,8.64781163513926,23.600417677317,81.337,74.286,89.9253221073517,61.443,2.9000000950000002
ETH,Ethiopia,2013,Sub-Saharan Africa,Not classified,Addis Ababa,9.02274,38.7468,1696.86515588665,10.5822700502552,7.46402192944517,81.238,74.251,,62.161,4.599999905
ETH,Ethiopia,2014,Sub-Saharan Africa,Not classified,Addis Ababa,9.02274,38.7468,1821.39161772403,10.2574929627477,6.89001951597192,79.608,72.219,93.1145890062913,62.927,7.699999809
ETH,Ethiopia,2015,Sub-Saharan Africa,Not classified,Addis Ababa,9.02274,38.7468,1957.41454184551,10.3924630141307,9.56889955968623,77.984,70.185,94.0857534729235,63.592,13.8551755555556
ETH,Ethiopia,2016,Sub-Saharan Africa,Not classified,Addis Ababa,9.02274,38.7468,2084.84055616471,9.43348265981905,6.62813337230924,76.368,68.148,,64.162,15.3669238595896
ETH,Ethiopia,2017,Sub-Saharan Africa,Not classified,Addis Ababa,9.02274,38.7468,2222.82824478259,9.56418965754014,10.6871150284238,74.758,66.108,101.223991472845,64.766,15.62440014
ETH,Ethiopia,2018,Sub-Saharan Africa,Not classified,Addis Ababa,9.02274,38.7468,2311.16511656359,6.81614778557282,13.8330356586661,73.16,64.059,,65.257,15.88619995
ETH,Ethiopia,2019,Sub-Saharan Africa,Not classified,Addis Ababa,9.02274,38.7468,2437.97046047967,8.36408573111346,15.8096321719344,71.573,62.001,,65.741,15.98460007
ETH,Ethiopia,2020,Sub-Saharan Africa,Not classified,Addis Ababa,9.02274,38.7468,2516.54907638899,6.05953089248577,20.3563468559061,69.391,59.297,112.6701710274,65.969,16.06959915
ETH,Ethiopia,2021,Sub-Saharan Africa,Not classified,Addis Ababa,9.02274,38.7468,2588.41310213778,5.64153069324176,26.8395221557722,68.253,57.555,101.338920969252,65.33,16.6981031
ETH,Ethiopia,2022,Sub-Saharan Africa,Not classified,Addis Ababa,9.02274,38.7468,2655.59276743639,5.32175988485454,33.8898797100898,68.472,58.001,84.6317733971345,66.897,17.9836998
ETH,Ethiopia,2023,Sub-Saharan Africa,Not classified,Addis Ababa,9.02274,38.7468,2757.95923626099,6.59424599054353,30.2188278135278,68.459,58.141,83.7319745881618,67.315,20.33749962
ETH,Ethiopia,2024,Sub-Saharan Africa,Not classified,Addis Ababa,9.02274,38.7468,2892.22220162795,7.61277447616879,21.0377460577711,68.466,58.391,84.4160102082984,67.603,21.94129944
ETH,Ethiopia,2025,Sub-Saharan Africa,Not classified,Addis Ababa,9.02274,38.7468,3094.86811868352,9.7715182202934,13.2296432836809,68.461,58.456,,,
GHA,Ghana,1990,Sub-Saharan Africa,Lower middle income,Accra,5.57045,-0.20795,2785.67114332501,3.32881788321653,37.2590664855671,73.074,70.054,65.1150131225586,55.395,0
GHA,Ghana,1991,Sub-Saharan Africa,Lower middle income,Accra,5.57045,-0.20795,2859.82702166411,5.28182639834429,18.0314390089849,73.055,70.074,72.6733016967773,55.722,
GHA,Ghana,1992,Sub-Saharan Africa,Lower middle income,Accra,5.57045,-0.20795,2897.83543196858,3.87941908037517,10.0561167448841,72.992,69.943,73.6917495727539,56.055,
GHA,Ghana,1993,Sub-Saharan Africa,Lower middle income,Accra,5.57045,-0.20795,2964.26600943658,4.85000055379412,24.9598424742497,72.929,69.811,72.8280868530273,56.286,
GHA,Ghana,1994,Sub-Saharan Africa,Lower middle income,Accra,5.57045,-0.20795,2989.34731012131,3.29999973947747,24.8702554369576,72.866,69.681,73.9287719726562,56.234,
GHA,Ghana,1995,Sub-Saharan Africa,Lower middle income,Accra,5.57045,-0.20795,3039.68873031674,4.11241897162861,59.4615536991446,72.803,69.553,72.9929962158203,56.662,3.48e-4
GHA,Ghana,1996,Sub-Saharan Africa,Lower middle income,Accra,5.57045,-0.20795,3106.18555480388,4.60246115564627,46.5610196762282,72.739,69.424,73.2914505004883,56.957,0.00565
GHA,Ghana,1997,Sub-Saharan Africa,Lower middle income,Accra,5.57045,-0.20795,3160.44504053249,4.19635744019571,27.8852086407527,72.676,69.293,76.4101104736328,57.241,0.0275
GHA,Ghana,1998,Sub-Saharan Africa,Lower middle income,Accra,5.57045,-0.20795,3229.48228272631,4.70039078427911,14.6241666666675,72.613,69.161,,57.525,0.0322
GHA,Ghana,1999,Sub-Saharan Africa,Lower middle income,Accra,5.57045,-0.20795,3290.26865235748,4.39999682545296,4.86539785077528,72.549,69.028,75.2949523925781,57.835,0.105
GHA,Ghana,2000,Sub-Saharan Africa,Lower middle income,Accra,5.57045,-0.20795,3327.35199291767,3.70000008164408,40.240933123914,72.486,68.895,79.9403762817383,58.139,0.153615297625799
GHA,Ghana,2001,Sub-Saharan Africa,Lower middle income,Accra,5.57045,-0.20795,3369.50702508212,4.00000012807919,41.509496287803,72.422,68.76,75.4195938110352,58.403,0.200008060324831
GHA,Ghana,2002,Sub-Saharan Africa,Lower middle income,Accra,5.57045,-0.20795,3425.61820934278,4.49999955900331,9.36093239560313,72.358,68.625,78.8475799560547,58.709,0.830284033818738
GHA,Ghana,2003,Sub-Saharan Africa,Lower middle income,Accra,5.57045,-0.20795,3507.75105744843,5.200000133101,29.7729797160384,72.294,68.489,76.3093490600586,59.014,1.19305791098328
GHA,Ghana,2004,Sub-Saharan Africa,Lower middle income,Accra,5.57045,-0.20795,3607.36522285021,5.59999999077445,18.0427388232565,72.23,68.354,80.2254409790039,59.316,1.71679770389504
GHA,Ghana,2005,Sub-Saharan Africa,Lower middle income,Accra,5.57045,-0.20795,3721.30785741996,5.90000381855104,15.4389920155908,72.166,68.218,86.7024688720703,59.638,1.83119746104616
GHA,Ghana,2006,Sub-Saharan Africa,Lower middle income,Accra,5.57045,-0.20795,3857.86154847605,6.39991260618034,11.6791839392492,72.102,68.083,91.2332763671875,59.975,2.72317597313987
GHA,Ghana,2007,Sub-Saharan Africa,Lower middle income,Accra,5.57045,-0.20795,3923.12567803728,4.34681910440079,10.7342665456292,72.038,67.947,95.9956512451172,60.282,3.85
GHA,Ghana,2008,Sub-Saharan Africa,Lower middle income,Accra,5.57045,-0.20795,4174.78124103364,9.14979893831817,16.494639613412,71.974,67.811,100.841491699219,60.578,4.27
GHA,Ghana,2009,Sub-Saharan Africa,Lower middle income,Accra,5.57045,-0.20795,4269.16005861557,4.84448705175076,19.2469482220857,71.909,67.675,99.0773620605469,60.928,5.44
GHA,Ghana,2010,Sub-Saharan Africa,Lower middle income,Accra,5.57045,-0.20795,4495.68916584106,7.89971194051621,10.7333898354915,71.845,67.539,,61.297,7.8
GHA,Ghana,2011,Sub-Saharan Africa,Lower middle income,Accra,5.57045,-0.20795,5005.36732498187,14.0471235803149,8.7284593709302,71.78,67.404,99.4130783081055,61.617,9
GHA,Ghana,2012,Sub-Saharan Africa,Lower middle income,Accra,5.57045,-0.20795,5339.71321903045,9.2927894063005,11.1863409441067,71.715,67.268,102.068698169955,61.995,10.6
GHA,Ghana,2013,Sub-Saharan Africa,Lower middle income,Accra,5.57045,-0.20795,5593.77481886917,7.31252501678145,11.6661923071729,71.651,67.132,101.089456129828,62.397,15
GHA,Ghana,2014,Sub-Saharan Africa,Lower middle income,Accra,5.57045,-0.20795,5619.07233511591,2.85624016330883,15.4896160333318,70.466,66.096,99.5600865756332,62.832,19
GHA,Ghana,2015,Sub-Saharan Africa,Lower middle income,Accra,5.57045,-0.20795,5607.36635657413,2.12075933817334,17.1499695007878,69.253,65.049,103.213138177351,63.175,23
GHA,Ghana,2016,Sub-Saharan Africa,Lower middle income,Accra,5.57045,-0.20795,5666.07795334591,3.37346574966936,17.4546347070868,68.066,64.013,101.751107525308,63.522,28
GHA,Ghana,2017,Sub-Saharan Africa,Lower middle income,Accra,5.57045,-0.20795,5993.63085211077,8.12889488100956,12.3719215507048,66.855,62.967,100.478896703055,63.829,37.88420105
GHA,Ghana,2018,Sub-Saharan Africa,Lower middle income,Accra,5.57045,-0.20795,6234.51208201488,6.20007768127284,7.80876516610703,65.282,61.516,98.6813906905268,64.138,43
GHA,Ghana,2019,Sub-Saharan Africa,Lower middle income,Accra,5.57045,-0.20795,6508.24652305901,6.5077747939152,7.14364003330857,63.712,60.063,99.8750321985622,64.455,22.0732
GHA,Ghana,2020,Sub-Saharan Africa,Lower middle income,Accra,5.57045,-0.20795,6412.68541762469,0.513941670628171,9.88728956269944,61.615,57.957,98.4048952723908,64.309,62.51760101
GHA,Ghana,2021,Sub-Saharan Africa,Lower middle income,Accra,5.57045,-0.20795,6607.50297378321,5.07646643533542,9.9710886750444,60.389,56.85,99.4509436572472,64.286,68.6
GHA,Ghana,2022,Sub-Saharan Africa,Lower middle income,Accra,5.57045,-0.20795,6728.45413832472,3.80484978178042,31.2558951049016,59.101,55.507,98.2318953247047,65.246,69.91329956
GHA,Ghana,2023,Sub-Saharan Africa,Lower middle income,Accra,5.57045,-0.20795,6808.53775003964,3.14009100080186,38.1069656296501,59.067,55.53,,65.498,70.67430115
GHA,Ghana,2024,Sub-Saharan Africa,Lower middle income,Accra,5.57045,-0.20795,7072.79879594445,5.84746854280382,22.8483281157842,59.056,55.733,100.967018127441,65.695,72.17569733
GHA,Ghana,2025,Sub-Saharan Africa,Lower middle income,Accra,5.57045,-0.20795,7357.83332993014,5.95441714756899,14.2046755548989,58.524,55.265,,,
IND,India,1990,South Asia,Lower middle income,New Delhi,28.6353,77.225,2139.82749174123,5.53345456306495,8.97123250273255,57.937,30.257,90.8405075073242,58.618,0
IND,India,1991,South Asia,Lower middle income,New Delhi,28.6353,77.225,2116.06939249228,1.05683143296179,13.8702461773683,57.966,30.361,90.3910980224609,59.032,
IND,India,1992,South Asia,Lower middle income,New Delhi,28.6353,77.225,2185.04046180678,5.48239602167003,11.7878170418134,57.997,30.476,90.8074035644531,59.445,1.11e-4
IND,India,1993,South Asia,Lower middle income,New Delhi,28.6353,77.225,2241.28535932488,4.7507762195799,6.32689048779867,58.027,30.595,92.3163986206055,59.823,2.18e-4
IND,India,1994,South Asia,Lower middle income,New Delhi,28.6353,77.225,2342.15609263829,6.65892406747307,10.2479355556119,58.063,30.736,93.1767272949219,60.237,0.00107
IND,India,1995,South Asia,Lower middle income,New Delhi,28.6353,77.225,2469.3516292637,7.57449184027195,10.2248861637545,58.395,31.331,92.4916076660156,60.63,0.0262
IND,India,1996,South Asia,Lower middle income,New Delhi,28.6353,77.225,2603.24632974171,7.54952224888829,8.97715233826453,58.729,31.934,91.9326019287109,61.027,0.0463
IND,India,1997,South Asia,Lower middle income,New Delhi,28.6353,77.225,2655.92939429507,4.04982084902483,7.16425211462721,59.066,32.542,91.5185394287109,61.439,0.0708
IND,India,1998,South Asia,Lower middle income,New Delhi,28.6353,77.225,2766.110488608,6.18441582080355,13.2308389767977,59.404,33.157,89.9965972900391,61.852,0.139
IND,India,1999,South Asia,Lower middle income,New Delhi,28.6353,77.225,2954.0688560393,8.84575556114116,4.6698203803759,59.743,33.775,91.824577331543,62.284,0.273
IND,India,2000,South Asia,Lower middle income,New Delhi,28.6353,77.225,3010.42156148397,3.84099115686554,4.0094359104519,60.079,34.397,98.808967590332,62.749,0.527532449930946
IND,India,2001,South Asia,Lower middle income,New Delhi,28.6353,77.225,3097.16224022342,4.82396626397303,3.77929312235637,59.923,34.483,96.9014892578125,63.158,0.660146377009928
IND,India,2002,South Asia,Lower middle income,New Delhi,28.6353,77.225,3157.26903770593,3.80397532120038,4.29715203929562,59.765,34.57,97.4474563598633,63.649,1.53787558175083
IND,India,2003,South Asia,Lower middle income,New Delhi,28.6353,77.225,3346.8882902915,7.86038147545045,3.80585899528853,59.606,34.66,105.664947509766,64.086,1.68648997063625
IND,India,2004,South Asia,Lower middle income,New Delhi,28.6353,77.225,3551.04731213773,7.92293661307978,3.76725173477517,59.445,34.753,,64.484,1.97613649190559
IND,India,2005,South Asia,Lower middle income,New Delhi,28.6353,77.225,3770.39653173829,7.92343062131789,4.24634362031924,59.289,34.852,,64.939,2.388099909
IND,India,2006,South Asia,Lower middle income,New Delhi,28.6353,77.225,4011.08647585805,8.06073257305057,5.79652337561634,58.345,33.499,,65.373,2.80549986534254
IND,India,2007,South Asia,Lower middle income,New Delhi,28.6353,77.225,4253.82139046739,7.66081506510766,6.37288135593231,57.418,32.179,113.330406188965,65.803,3.95
IND,India,2008,South Asia,Lower middle income,New Delhi,28.6353,77.225,4322.48378983546,3.08669805950082,8.34926704907575,56.511,30.892,113.827751159668,66.247,4.38
IND,India,2009,South Asia,Lower middle income,New Delhi,28.6353,77.225,4595.37990753812,7.8618888330338,10.8823529411764,55.627,29.641,112.490791320801,66.7,5.12
IND,India,2010,South Asia,Lower middle income,New Delhi,28.6353,77.225,4913.87639723705,8.49758470165625,11.9893899204245,54.766,28.425,112.218696594238,67.162,7.5
IND,India,2011,South Asia,Lower middle income,New Delhi,28.6353,77.225,5098.67458775444,5.24131620024293,8.9117933648336,54.131,27.583,109.707902683748,67.623,10.07
IND,India,2012,South Asia,Lower middle income,New Delhi,28.6353,77.225,5303.50197767655,5.45638755164772,9.47899691419793,53.509,26.764,112.384407043457,68.076,11.100000380000001
IND,India,2013,South Asia,Lower middle income,New Delhi,28.6353,77.225,5567.49439418718,6.3861064009171304,10.0178784746104,53.364,26.669,106.095840129942,68.499,12.30000019
IND,India,2014,South Asia,Lower middle income,New Delhi,28.6353,77.225,5905.10618204633,7.41022760516977,6.66565671867899,53.206,26.607,103.55659949185,68.932,13.5
IND,India,2015,South Asia,Lower middle income,New Delhi,28.6353,77.225,6301.67346968236,7.99625378567987,4.90697344127249,53.031,26.582,104.221831829753,69.326,14.899999619999999
IND,India,2016,South Asia,Lower middle income,New Delhi,28.6353,77.225,6741.14883185347,8.25630550176662,4.94821634062134,52.852,26.575,103.742722477923,69.709,16.5
IND,India,2017,South Asia,Lower middle income,New Delhi,28.6353,77.225,7116.03659185396,6.79538341902422,3.32817337461305,52.671,26.578,101.886981326278,70.068,18.200000760000002
IND,India,2018,South Asia,Lower middle income,New Delhi,28.6353,77.225,7492.62576755145,6.45385134495295,3.93882646691643,52.482,26.568,101.097955349788,70.415,20.0813000379384
IND,India,2019,South Asia,Lower middle income,New Delhi,28.6353,77.225,7702.17634811957,3.87143694070524,3.72950573539123,52.284,26.539,99.5039235046054,70.746,29.52350044
IND,India,2020,South Asia,Lower middle income,New Delhi,28.6353,77.225,7186.86447099679,-5.77772470687303,6.6234367762853,51.547,25.998,101.291254076896,70.156,43.40544313
IND,India,2021,South Asia,Lower middle income,New Delhi,28.6353,77.225,7818.65701757504,9.68959249191741,5.13140747176364,52.522,27.724,102.316124063995,67.282,49.2580986
IND,India,2022,South Asia,Lower middle income,New Delhi,28.6353,77.225,8347.38478647086,7.6093649776932,6.69903414079858,53.587,29.348,111.084455602236,71.698,55.9
IND,India,2023,South Asia,Lower middle income,New Delhi,28.6353,77.225,8870.55027609345,7.210224629335,5.64914318907925,54.697,30.984,112.031231642927,72.003,60.25230026
IND,India,2024,South Asia,Lower middle income,New Delhi,28.6353,77.225,9416.05137044735,7.09927893176518,4.95303550973661,55.639,32.415,120.520368565055,72.235,64.9434967
IND,India,2025,South Asia,Lower middle income,New Delhi,28.6353,77.225,10039.0708910587,7.56666179284244,2.39884954182294,55.658,32.425,111.033783181676,,70
IDN,Indonesia,1990,East Asia & Pacific,Upper middle income,Jakarta,-6.19752,106.83,4873.05380133263,7.24213163856464,7.81919756505635,66.365,50.49,114.242050170898,63.249,0
IDN,Indonesia,1991,East Asia & Pacific,Upper middle income,Jakarta,-6.19752,106.83,5118.46789591815,6.91198283591309,9.41906784347004,65.946,49.54,112.321380615234,63.703,
IDN,Indonesia,1992,East Asia & Pacific,Upper middle income,Jakarta,-6.19752,106.83,5357.3758979759,6.49750651682714,7.52351006242677,66.316,50.38,110.819923400879,64.182,
IDN,Indonesia,1993,East Asia & Pacific,Upper middle income,Jakarta,-6.19752,106.83,5609.15178814269,6.49640812045304,9.6719108926401,65.625,49.426,110.764526367188,64.851,
IDN,Indonesia,1994,East Asia & Pacific,Upper middle income,Jakarta,-6.19752,106.83,5931.23473426762,7.53997109551439,8.53199829189143,66.798,50.671,112.164291381836,65.041,0.00106
IDN,Indonesia,1995,East Asia & Pacific,Upper middle income,Jakarta,-6.19752,106.83,6312.93453561158,8.22000739903493,9.42030300572996,66.834,50.673,112.026466369629,65.263,0.0261
IDN,Indonesia,1996,East Asia & Pacific,Upper middle income,Jakarta,-6.19752,106.83,6695.40975787395,7.81818707670867,7.97328096513346,66.87,50.674,111.440757751465,65.465,0.0566
IDN,Indonesia,1997,East Asia & Pacific,Upper middle income,Jakarta,-6.19752,106.83,6897.00236563331,4.69987885390397,6.22615154887214,66.338,49.829,111.167846679688,65.774,0.195
IDN,Indonesia,1998,East Asia & Pacific,Upper middle income,Jakarta,-6.19752,106.83,5897.68530859207,-13.1267254923818,58.4510413515526,66.93,51.093,112.03003692627,65.942,0.255
IDN,Indonesia,1999,East Asia & Pacific,Upper middle income,Jakarta,-6.19752,106.83,5855.65800744994,0.79112608199847,20.4778324428892,67.221,51.171,112.157676696777,66.001,0.444
IDN,Indonesia,2000,East Asia & Pacific,Upper middle income,Jakarta,-6.19752,106.83,6056.38197842165,4.9200677470169,3.68862037056682,67.756,51.67,108.993591308594,66.292,0.925563864466858
IDN,Indonesia,2001,East Asia & Pacific,Upper middle income,Jakarta,-6.19752,106.83,6190.51954040991,3.64346644721492,11.5001160550887,67.129,49.986,109.43041229248,66.583,2.01861385948459
IDN,Indonesia,2002,East Asia & Pacific,Upper middle income,Jakarta,-6.19752,106.83,6381.94955179996,4.49947539085764,11.9001200338414,65.977,48.048,110.116897583008,66.954,2.13413573295808
IDN,Indonesia,2003,East Asia & Pacific,Upper middle income,Jakarta,-6.19752,106.83,6599.09193597034,4.78036912167654,6.75731256333564,65.671,47.846,110.176658630371,67.134,2.38701977959476
IDN,Indonesia,2004,East Asia & Pacific,Upper middle income,Jakarta,-6.19752,106.83,6843.54654972364,5.03087394501685,6.06406189133648,65.675,47.236,109.678840637207,65.521,2.60028587633414
IDN,Indonesia,2005,East Asia & Pacific,Upper middle income,Jakarta,-6.19752,106.83,7140.8545640704,5.69257130383384,10.4532001873347,64.399,46.082,109.01708984375,67.531,3.60202476259646
IDN,Indonesia,2006,East Asia & Pacific,Upper middle income,Jakarta,-6.19752,106.83,7434.48785352221,5.50095178520348,13.108670985346,64.208,46.008,107.672538757324,67.664,4.7648131336665704
IDN,Indonesia,2007,East Asia & Pacific,Upper middle income,Jakarta,-6.19752,106.83,7802.46406905954,6.34502222667214,6.40656087966005,66.227,49.839,110.421722412109,67.914,5.78627472934199
IDN,Indonesia,2008,East Asia & Pacific,Upper middle income,Jakarta,-6.19752,106.83,8165.06155116624,6.01370360009123,10.2266663272483,66.373,50.387,109.333679199219,68.085,7.917500019
IDN,Indonesia,2009,East Asia & Pacific,Upper middle income,Jakarta,-6.19752,106.83,8435.4557468629,4.62887118256153,4.38641311792074,66.047,50.3,110.992286682129,68.267,6.92
IDN,Indonesia,2010,East Asia & Pacific,Upper middle income,Jakarta,-6.19752,106.83,8848.22473702066,6.22385418062366,5.13420639015885,66.583,50.973,113.010775075983,68.364,10.92
IDN,Indonesia,2011,East Asia & Pacific,Upper middle income,Jakarta,-6.19752,106.83,9274.96955181702,6.16978420771008,5.35604849112582,66.913,50.989,114.684137554242,68.629,12.28
IDN,Indonesia,2012,East Asia & Pacific,Upper middle income,Jakarta,-6.19752,106.83,9708.61182531081,6.03005065305615,4.2795142691943,67.416,51.49,115.201069565404,68.862,14.52
IDN,Indonesia,2013,East Asia & Pacific,Upper middle income,Jakarta,-6.19752,106.83,10121.8141535043,5.5572636889101,6.41249457900391,66.757,50.714,111.656675108204,69.064,14.94
IDN,Indonesia,2014,East Asia & Pacific,Upper middle income,Jakarta,-6.19752,106.83,10504.3869411088,5.006668425755,6.39492882396559,66.624,50.64,109.659608599994,69.292,17.1431598350566
IDN,Indonesia,2015,East Asia & Pacific,Upper middle income,Jakarta,-6.19752,106.83,10893.6621142169,4.87632230022123,6.36312061196646,66.578,50.772,107.983525766989,69.52,22.062742603379
IDN,Indonesia,2016,East Asia & Pacific,Upper middle income,Jakarta,-6.19752,106.83,11319.6634287738,5.03306918280177,3.52580452815451,66.314,50.949,105.922391949136,69.733,25.447353701827
IDN,Indonesia,2017,East Asia & Pacific,Upper middle income,Jakarta,-6.19752,106.83,11772.5743296107,5.06978590134916,3.80879857691949,66.694,51.943,104.382521256166,69.953,32.335806250688
IDN,Indonesia,2018,East Asia & Pacific,Upper middle income,Jakarta,-6.19752,106.83,12262.2310300771,5.17429153955024,3.19834755924996,67.652,53.131,103.299542869882,70.08,39.9046386385762
IDN,Indonesia,2019,East Asia & Pacific,Upper middle income,Jakarta,-6.19752,106.83,12757.7850854842,5.01928768046282,3.03058460941661,68.238,53.949,101.264685825869,70.349,47.6906489788375
IDN,Indonesia,2020,East Asia & Pacific,Upper middle income,Jakarta,-6.19752,106.83,12388.5449268131,-2.06551182934165,1.91983527270793,67.401,53.203,100.951933675872,68.817,53.72649449
IDN,Indonesia,2021,East Asia & Pacific,Upper middle income,Jakarta,-6.19752,106.83,12757.0746440204,3.7028856282775102,1.56007882983334,65.868,52.069,100.309665446849,67.452,62.10447842
IDN,Indonesia,2022,East Asia & Pacific,Upper middle income,Jakarta,-6.19752,106.83,13334.2653947637,5.30719722664799,4.20946463714784,67.018,52.562,98.7008730463611,70.925,66.48461277
IDN,Indonesia,2023,East Asia & Pacific,Upper middle income,Jakarta,-6.19752,106.83,13889.9495012858,5.04883117855516,3.66938654859761,67.899,53.487,98.1566275726904,71.146,69.20836554
IDN,Indonesia,2024,East Asia & Pacific,Upper middle income,Jakarta,-6.19752,106.83,14470.7179806578,5.03257477088519,2.18151273615189,67.927,53.588,100.036318150714,71.288,72.78075544
IDN,Indonesia,2025,East Asia & Pacific,Upper middle income,Jakarta,-6.19752,106.83,15091.0088604652,5.10808904438025,1.9133344329508,67.965,53.72,100.371428697375,,
KEN,Kenya,1990,Sub-Saharan Africa,Lower middle income,Nairobi,-1.27975,36.8126,4177.48603310346,4.19205097155167,17.78181442992,72.995,69.733,105.313667297363,58.334,0
KEN,Kenya,1991,Sub-Saharan Africa,Lower middle income,Nairobi,-1.27975,36.8126,4102.47677512965,1.43834679171559,20.0844955754632,72.938,69.795,103.02709197998,57.826,
KEN,Kenya,1992,Sub-Saharan Africa,Lower middle income,Nairobi,-1.27975,36.8126,3946.84093437851,-0.799493958641349,27.3323644475784,72.879,69.859,101.50138092041,57.095,
KEN,Kenya,1993,Sub-Saharan Africa,Lower middle income,Nairobi,-1.27975,36.8126,3844.92029783599,0.353197256227247,45.9788813036218,72.813,69.932,100.392936706543,56.668,
KEN,Kenya,1994,Sub-Saharan Africa,Lower middle income,Nairobi,-1.27975,36.8126,3833.22357838589,2.632784517837,28.8143894306731,72.742,70.012,96.3266296386719,56.101,
KEN,Kenya,1995,Sub-Saharan Africa,Lower middle income,Nairobi,-1.27975,36.8126,3890.0985511465,4.40621652482287,1.55432816055009,72.67,70.092,93.3242416381836,55.856,7.27e-4
KEN,Kenya,1996,Sub-Saharan Africa,Lower middle income,Nairobi,-1.27975,36.8126,3941.40919481353,4.14683926876013,8.86408741577522,72.603,70.169,,55.575,0.00884
KEN,Kenya,1997,Sub-Saharan Africa,Lower middle income,Nairobi,-1.27975,36.8126,3853.37139280354,0.474901921293579,11.3618450505783,72.535,70.248,,55.478,0.0344
KEN,Kenya,1998,Sub-Saharan Africa,Lower middle income,Nairobi,-1.27975,36.8126,3871.82176322447,3.29021372249065,6.72243650753928,72.467,70.327,92.9180221557617,55.568,0.0503
KEN,Kenya,1999,Sub-Saharan Africa,Lower middle income,Nairobi,-1.27975,36.8126,3848.46470612727,2.30538859522412,5.74200109520484,72.391,70.418,90.6962814331055,55.866,0.114
KEN,Kenya,2000,Sub-Saharan Africa,Lower middle income,Nairobi,-1.27975,36.8126,3756.63622296879,0.599695390807426,9.98002515350979,72.512,70.474,94.2572402954102,56.084,0.318059713612037
KEN,Kenya,2001,Sub-Saharan Africa,Lower middle income,Nairobi,-1.27975,36.8126,3778.25854755615,3.77990649795343,5.73859814341467,72.633,70.531,95.1509170532227,56.501,0.619782266151425
KEN,Kenya,2002,Sub-Saharan Africa,Lower middle income,Nairobi,-1.27975,36.8126,3681.2569427491,0.546859530175595,1.96130821739162,72.753,70.588,89.2491912841797,56.759,1.20777388492125
KEN,Kenya,2003,Sub-Saharan Africa,Lower middle income,Nairobi,-1.27975,36.8126,3674.08592758409,2.93247554570904,9.81569062979654,72.873,70.646,103.90389251709,57.369,2.94190286101524
KEN,Kenya,2004,Sub-Saharan Africa,Lower middle income,Nairobi,-1.27975,36.8126,3743.56785736929,5.10429977629738,11.6240355442426,72.993,70.703,103.729431152344,57.947,3.0235280420962
KEN,Kenya,2005,Sub-Saharan Africa,Lower middle income,Nairobi,-1.27975,36.8126,3844.73557120578,5.90666607980057,10.3127783574683,73.113,70.761,103.62956237793,58.51,3.101900101
KEN,Kenya,2006,Sub-Saharan Africa,Lower middle income,Nairobi,-1.27975,36.8126,3970.73349887685,6.47249430015484,14.4537342081708,73.232,70.819,101.201988220215,59.059,3.5999999049999998
KEN,Kenya,2007,Sub-Saharan Africa,Lower middle income,Nairobi,-1.27975,36.8126,4116.45094720856,6.85072976998784,9.75888023027529,73.351,70.877,107.582710266113,59.407,4.400000095
KEN,Kenya,2008,Sub-Saharan Africa,Lower middle income,Nairobi,-1.27975,36.8126,4002.88364073792,0.232282744812977,26.2398166445063,73.469,70.936,107.076469421387,59.955,5.199999809
KEN,Kenya,2009,Sub-Saharan Africa,Lower middle income,Nairobi,-1.27975,36.8126,4012.19428382397,3.30693981631089,9.23412592394652,73.587,70.995,107.945739746094,60.483,6.1
KEN,Kenya,2010,Sub-Saharan Africa,Lower middle income,Nairobi,-1.27975,36.8126,4211.52462957784,8.05847360290906,3.96138889115385,73.705,71.055,,60.915,7.2
KEN,Kenya,2011,Sub-Saharan Africa,Lower middle income,Nairobi,-1.27975,36.8126,4307.10611556858,5.1211061197056,14.0224913014704,73.823,71.114,,61.283,8.800000191
KEN,Kenya,2012,Sub-Saharan Africa,Lower middle income,Nairobi,-1.27975,36.8126,4387.93790075409,4.56867961444982,9.37777003547598,73.94,71.175,111.422226680456,61.537,10.5
KEN,Kenya,2013,Sub-Saharan Africa,Lower middle income,Nairobi,-1.27975,36.8126,4443.371215682,3.7978483925754,5.71749357037733,74.057,71.235,,61.729,13
KEN,Kenya,2014,Sub-Saharan Africa,Lower middle income,Nairobi,-1.27975,36.8126,4558.55155266374,5.02011100232484,6.87815499275949,74.173,71.295,107.141220092773,61.99,16.5
KEN,Kenya,2015,Sub-Saharan Africa,Lower middle income,Nairobi,-1.27975,36.8126,4679.62182831938,4.96772112759767,6.58215429284779,74.289,71.356,104.780090332031,62.279,16.5878548475992
KEN,Kenya,2016,Sub-Saharan Africa,Lower middle income,Nairobi,-1.27975,36.8126,4770.31046388086,4.21351706814744,6.29724953814625,74.405,71.417,104.114852905273,62.526,16.6
KEN,Kenya,2017,Sub-Saharan Africa,Lower middle income,Nairobi,-1.27975,36.8126,4846.86210851932,3.83795817364721,8.00564967709945,72.306,68.685,101.957891317521,62.725,17.82710075
KEN,Kenya,2018,Sub-Saharan Africa,Lower middle income,Nairobi,-1.27975,36.8126,5017.66784674664,5.64794640709219,4.6898064677633,70.103,65.814,99.770420205161,62.825,19.5
KEN,Kenya,2019,Sub-Saharan Africa,Lower middle income,Nairobi,-1.27975,36.8126,5171.71264279257,5.11415885767801,5.23963795764792,67.803,62.817,77.5132254988803,62.939,22.6687733618171
KEN,Kenya,2020,Sub-Saharan Africa,Lower middle income,Nairobi,-1.27975,36.8126,5057.40115537429,-0.272766327438816,5.40516207933392,67.081,62.167,91.9542486020668,61.596,24.7227993
KEN,Kenya,2021,Sub-Saharan Africa,Lower middle income,Nairobi,-1.27975,36.8126,5338.85243382781,7.59048947333467,6.10793603659176,67.462,62.668,93.7669067632864,61.225,26.96290016
KEN,Kenya,2022,Sub-Saharan Africa,Lower middle income,Nairobi,-1.27975,36.8126,5491.69378280246,4.85998104287999,7.65986268272224,67.503,62.832,98.551967362001,63.549,29.40589905
KEN,Kenya,2023,Sub-Saharan Africa,Lower middle income,Nairobi,-1.27975,36.8126,5691.82513474417,5.71999241214208,7.67139634029402,67.463,62.946,98.2483475806861,63.646,32.07040024
KEN,Kenya,2024,Sub-Saharan Africa,Lower middle income,Nairobi,-1.27975,36.8126,5841.59866001706,4.66019594571891,4.48978854243448,67.418,63.012,,63.834,34.97622513
KEN,Kenya,2025,Sub-Saharan Africa,Lower middle income,Nairobi,-1.27975,36.8126,5995.40177895632,4.63261093844984,4.06912878540729,67.385,63.036,,,
MYS,Malaysia,1990,East Asia & Pacific,Upper middle income,Kuala Lumpur,3.12433,101.684,12013.6969483112,9.00852713774628,2.61780104712051,56.284,35.83,95.9352111816406,70.952,0
MYS,Malaysia,1991,East Asia & Pacific,Upper middle income,Kuala Lumpur,3.12433,101.684,12795.0498964228,9.54546741443052,4.358333333333,56.317,35.941,95.6888427734375,71.219,
MYS,Malaysia,1992,East Asia & Pacific,Upper middle income,Kuala Lumpur,3.12433,101.684,13567.8936121181,8.88511797832156,4.76722829992821,56.68,36.422,95.6893997192383,71.483,0.00105
MYS,Malaysia,1993,East Asia & Pacific,Upper middle income,Kuala Lumpur,3.12433,101.684,14533.790397007,9.89494333377064,3.53658536585389,57.043,36.91,95.9816513061523,71.721,0.0255
MYS,Malaysia,1994,East Asia & Pacific,Upper middle income,Kuala Lumpur,3.12433,101.684,15474.0144648307,9.21204179334867,3.72497055359284,57.404,37.403,96.0813064575195,71.865,0.0996
MYS,Malaysia,1995,East Asia & Pacific,Upper middle income,Kuala Lumpur,3.12433,101.684,16568.5160590209,9.82908519730812,3.45057509584895,57.773,37.913,96.5522232055664,71.979,0.146
MYS,Malaysia,1996,East Asia & Pacific,Upper middle income,Kuala Lumpur,3.12433,101.684,17771.7118795056,10.0027006861844,3.48855945858916,58.15,38.438,97.2540512084961,72.119,0.852
MYS,Malaysia,1997,East Asia & Pacific,Upper middle income,Kuala Lumpur,3.12433,101.684,18604.514527465,7.32274185035924,2.66251459711946,58.529,38.973,,72.296,2.31
MYS,Malaysia,1998,East Asia & Pacific,Upper middle income,Kuala Lumpur,3.12433,101.684,16817.1719190401,-7.35941518817556,5.27034200348766,58.903,39.505,96.3125,72.385,6.75
MYS,Malaysia,1999,East Asia & Pacific,Upper middle income,Kuala Lumpur,3.12433,101.684,17428.6256563043,6.13761201057692,2.74456130240604,59.262,40.062,95.6834335327148,72.428,12.3
MYS,Malaysia,2000,East Asia & Pacific,Upper middle income,Kuala Lumpur,3.12433,101.684,18532.9096706227,8.85886816969386,1.53474023697699,59.544,40.593,97.4562911987305,72.732,21.3847311644538
MYS,Malaysia,2001,East Asia & Pacific,Upper middle income,Kuala Lumpur,3.12433,101.684,18186.4411330146,0.517675319192861,1.41678473206098,59.721,41.052,95.4063110351562,73.08,26.6959725007084
MYS,Malaysia,2002,East Asia & Pacific,Upper middle income,Kuala Lumpur,3.12433,101.684,18708.8694877279,5.39098830692797,1.80787246281536,59.851,41.471,92.926628112793,73.469,32.3382043389359
MYS,Malaysia,2003,East Asia & Pacific,Upper middle income,Kuala Lumpur,3.12433,101.684,19329.0062757538,5.7884992858875,1.08967632577286,59.979,41.868,93.3964691162109,73.727,34.9711523397291
MYS,Malaysia,2004,East Asia & Pacific,Upper middle income,Kuala Lumpur,3.12433,101.684,20168.5062099425,6.78343772370305,1.42127115937402,60.114,42.255,96.0182037353516,74.027,42.2522656295248
MYS,Malaysia,2005,East Asia & Pacific,Upper middle income,Kuala Lumpur,3.12433,101.684,20767.5857243346,5.33213916141486,2.97507092684449,60.267,42.637,97.1333618164062,74.37,48.6291702459839
MYS,Malaysia,2006,East Asia & Pacific,Upper middle income,Kuala Lumpur,3.12433,101.684,21444.4857715028,5.5848470671515,3.60923564224389,60.455,43.027,97.8367385864258,74.697,51.6379889864403
MYS,Malaysia,2007,East Asia & Pacific,Upper middle income,Kuala Lumpur,3.12433,101.684,22305.118263117,6.29878592740947,2.02735317779569,60.685,43.436,98.3626403808594,74.961,55.7
MYS,Malaysia,2008,East Asia & Pacific,Upper middle income,Kuala Lumpur,3.12433,101.684,22898.0027575442,4.83176988913097,5.44078221100769,60.958,43.866,98.6990509033203,75.151,55.8
MYS,Malaysia,2009,East Asia & Pacific,Upper middle income,Kuala Lumpur,3.12433,101.684,22106.6417311801,-1.51352871598714,0.583308405623702,61.267,44.31,98.7940902709961,75.269,55.9
MYS,Malaysia,2010,East Asia & Pacific,Upper middle income,Kuala Lumpur,3.12433,101.684,23307.9698543785,7.42484738326097,1.62285235577035,61.602,44.792,98.8697814941406,75.376,56.3
MYS,Malaysia,2011,East Asia & Pacific,Upper middle income,Kuala Lumpur,3.12433,101.684,24115.8181203958,5.29391283414003,3.1744709215131,61.937,45.295,98.855643801119,75.488,61
MYS,Malaysia,2012,East Asia & Pacific,Upper middle income,Kuala Lumpur,3.12433,101.684,25006.3587781537,5.47345419253853,1.66357102479206,62.952,47.029,98.7042528833624,75.552,65.8
MYS,Malaysia,2013,East Asia & Pacific,Upper middle income,Kuala Lumpur,3.12433,101.684,25736.3525554142,4.69372252557893,2.10501231233612,63.964,48.76,98.9066848845224,75.464,57.05751226
MYS,Malaysia,2014,East Asia & Pacific,Upper middle income,Kuala Lumpur,3.12433,101.684,26818.4317281659,6.00672194558203,3.14299050879095,64.962,50.475,97.15563448844,75.345,63.6654258813225
MYS,Malaysia,2015,East Asia & Pacific,Upper middle income,Kuala Lumpur,3.12433,101.684,27699.6278860387,5.09153242155011,2.10438980238359,65.185,50.83,95.6311535513474,75.288,71.0640678111957
MYS,Malaysia,2016,East Asia & Pacific,Upper middle income,Kuala Lumpur,3.12433,101.684,28425.3707609412,4.44978139761541,2.09056659525742,65.09,50.986,96.2219697129545,75.371,78.7883099275229
MYS,Malaysia,2017,East Asia & Pacific,Upper middle income,Kuala Lumpur,3.12433,101.684,29551.5457597197,5.81272240983328,3.87120115774237,65.202,51.285,96.2574604579347,75.542,80.1404790103961
MYS,Malaysia,2018,East Asia & Pacific,Upper middle income,Kuala Lumpur,3.12433,101.684,30459.9655338061,4.84308697634881,0.884709160571235,65.574,51.625,95.7761544783431,75.734,81.2010486181174
MYS,Malaysia,2019,East Asia & Pacific,Upper middle income,Kuala Lumpur,3.12433,101.684,31300.5086554849,4.41318742129586,0.662891865764326,65.871,51.783,94.3275054202176,75.9,84.1871450078281
MYS,Malaysia,2020,East Asia & Pacific,Upper middle income,Kuala Lumpur,3.12433,101.684,29200.452632127,-5.45684658426701,-1.1387021539305,65.473,51.371,93.1800129351047,76.057,89.55501192
MYS,Malaysia,2021,East Asia & Pacific,Upper middle income,Kuala Lumpur,3.12433,101.684,29822.8491831618,3.31534954399166,2.47710241465447,65.619,51.371,92.5769881927004,73.917,96.7514278
MYS,Malaysia,2022,East Asia & Pacific,Upper middle income,Kuala Lumpur,3.12433,101.684,32129.2217820113,9.03173723044451,3.37869862549928,66.223,51.597,89.7872630978958,75.444,97.3986404
MYS,Malaysia,2023,East Asia & Pacific,Upper middle income,Kuala Lumpur,3.12433,101.684,32857.6676600774,3.5370638041057,2.48886560125754,66.178,51.592,91.5021106685076,76.657,97.69272633
MYS,Malaysia,2024,East Asia & Pacific,Upper middle income,Kuala Lumpur,3.12433,101.684,34116.2317848885,5.10545921024041,1.834100204499,66.107,51.617,90.3595586965317,76.821,98.0206059
MYS,Malaysia,2025,East Asia & Pacific,Upper middle income,Kuala Lumpur,3.12433,101.684,35461.4465805872,5.17127082911057,1.38060872293692,66.12,51.643,,,
NPL,Nepal,1990,South Asia,Lower middle income,Kathmandu,27.6939,85.3157,1808.26490041654,4.63503634698831,8.23970037453206,41.553,20.63,109.224731445312,54.771,0
NPL,Nepal,1991,South Asia,Lower middle income,Kathmandu,27.6939,85.3157,1874.27513595212,6.3681503973968,15.5574529276949,41.544,20.689,109.977439880371,55.65,0
NPL,Nepal,1992,South Asia,Lower middle income,Kathmandu,27.6939,85.3157,1896.97166297747,4.10640661731669,17.1495236243439,41.557,20.791,112.602188110352,56.686,0
NPL,Nepal,1993,South Asia,Lower middle income,Kathmandu,27.6939,85.3157,1916.94352666156,3.84985002629573,7.50539419087105,41.557,20.847,111.68221282959,57.597,0
NPL,Nepal,1994,South Asia,Lower middle income,Kathmandu,27.6939,85.3157,2023.11519682155,8.21600269296587,8.34928672883384,41.533,20.839,112.385681152344,58.631,0
NPL,Nepal,1995,South Asia,Lower middle income,Kathmandu,27.6939,85.3157,2043.60517160069,3.46845189309603,7.62296950698163,41.5,20.814,112.078918457031,59.323,9.25e-4
NPL,Nepal,1996,South Asia,Lower middle income,Kathmandu,27.6939,85.3157,2105.50832713857,5.32828417508708,9.22046662376986,41.46,20.794,115.608367919922,60.044,0.00451
NPL,Nepal,1997,South Asia,Lower middle income,Kathmandu,27.6939,85.3157,2166.3126334505,5.04861254517328,4.00998860523181,41.429,20.84,113.212593078613,60.823,0.022
NPL,Nepal,1998,South Asia,Lower middle income,Kathmandu,27.6939,85.3157,2188.2220157023,3.01638947539399,11.2444677818614,41.405,20.951,,61.532,0.0644
NPL,Nepal,1999,South Asia,Lower middle income,Kathmandu,27.6939,85.3157,2242.65011822095,4.41257328041399,7.45111260957546,41.385,21.106,111.578216552734,62.035,0.147
NPL,Nepal,2000,South Asia,Lower middle income,Kathmandu,27.6939,85.3157,2340.81563141298,6.19999998192236,2.47882020709136,41.364,21.283,114.346168518066,62.642,0.204651683653029
NPL,Nepal,2001,South Asia,Lower middle income,Kathmandu,27.6939,85.3157,2413.8142127556,4.79989214255407,2.6883037354563,41.347,21.497,106.702140808105,63.288,0.240015303375743
NPL,Nepal,2002,South Asia,Lower middle income,Kathmandu,27.6939,85.3157,2380.24424587571,0.120143177369414,3.02939948714892,41.328,21.723,110.702140808105,63.507,0.312956060108532
NPL,Nepal,2003,South Asia,Lower middle income,Kathmandu,27.6939,85.3157,2439.49479601556,3.94503776051116,5.70700931874738,41.307,21.954,109.978630065918,64.229,0.382810917017044
NPL,Nepal,2004,South Asia,Lower middle income,Kathmandu,27.6939,85.3157,2521.54105171428,4.68260325152944,2.8418113124898,41.287,22.211,112.833976745605,64.744,0.449843651215974
NPL,Nepal,2005,South Asia,Lower middle income,Kathmandu,27.6939,85.3157,2580.23106308364,3.47918104829496,6.83633265892877,41.244,22.502,113.656700134277,65.275,0.82655126590551
NPL,Nepal,2006,South Asia,Lower middle income,Kathmandu,27.6939,85.3157,2641.34799494749,3.36461478056277,6.92033580707589,41.172,22.826,128.364685058594,65.891,1.14138916388191
NPL,Nepal,2007,South Asia,Lower middle income,Kathmandu,27.6939,85.3157,2708.7143922589,3.41156027980276,2.26921924439074,41.089,23.184,130.224639892578,66.169,1.41
NPL,Nepal,2008,South Asia,Lower middle income,Kathmandu,27.6939,85.3157,2852.60983167965,6.10463914373472,9.9078300530648,41.014,23.611,128.883773803711,66.442,1.73
NPL,Nepal,2009,South Asia,Lower middle income,Kathmandu,27.6939,85.3157,2961.83900365912,4.5330787246486,11.0948237386987,40.953,24.107,141.323684692383,66.6,1.97
NPL,Nepal,2010,South Asia,Lower middle income,Kathmandu,27.6939,85.3157,3085.31407004502,4.81641464694573,9.32650410745395,40.908,24.652,147.086534908967,66.772,7.93
NPL,Nepal,2011,South Asia,Lower middle income,Kathmandu,27.6939,85.3157,3176.65040602417,3.42180870116162,9.2270754612596,40.835,25.22,151.550483561125,67.123,9
NPL,Nepal,2012,South Asia,Lower middle income,Kathmandu,27.6939,85.3157,3316.50073452021,4.67014192446953,9.45980980357125,40.697,25.73,149.360557184797,67.364,11.14929962
NPL,Nepal,2013,South Asia,Lower middle income,Kathmandu,27.6939,85.3157,3426.5579593796,3.52515317129149,9.04016311917645,40.511,26.161,145.726105062929,67.598,13.30000019
NPL,Nepal,2014,South Asia,Lower middle income,Kathmandu,27.6939,85.3157,3621.73168937112,6.01148284250441,8.36415469659563,40.339,26.575,143.002222135589,67.812,15.43999958
NPL,Nepal,2015,South Asia,Lower middle income,Kathmandu,27.6939,85.3157,3745.26182249477,3.97605327162971,7.86890895590891,40.224,27.006,143.572010949657,67.374,17.58160019
NPL,Nepal,2016,South Asia,Lower middle income,Kathmandu,27.6939,85.3157,3743.7445783578,0.433113719381524,8.7903433200464,40.096,27.346,139.177686890567,68.444,20.700000760000002
NPL,Nepal,2017,South Asia,Lower middle income,Kathmandu,27.6939,85.3157,4071.70431755798,8.97727935643466,2.77703998300211,39.915,27.53,135.346176281377,68.74,24.3
NPL,Nepal,2018,South Asia,Lower middle income,Kathmandu,27.6939,85.3157,4371.38571771897,7.62237610397933,4.40659410175714,39.743,27.628,,69.036,28.60000038
NPL,Nepal,2019,South Asia,Lower middle income,Kathmandu,27.6939,85.3157,4607.52454717112,6.65705543110468,5.56616035243723,39.765,27.537,137.43376159668,69.299,33.33660126
NPL,Nepal,2020,South Asia,Lower middle income,Kathmandu,27.6939,85.3157,4412.5420439395,-2.3696206292072,5.05635826238499,39.387,27.209,121.90357208252,69.106,36.96530151
NPL,Nepal,2021,South Asia,Lower middle income,Kathmandu,27.6939,85.3157,4546.22970006289,4.838149614115,4.12676744440695,39.513,27.256,119.976329501746,68.385,40.98910141
NPL,Nepal,2022,South Asia,Lower middle income,Kathmandu,27.6939,85.3157,4763.38751073946,5.6313145568451,7.6702057938028,39.428,27.24,121.234804321367,70.087,45.45080185
NPL,Nepal,2023,South Asia,Lower middle income,Kathmandu,27.6939,85.3157,4861.230303797,1.98254843461849,7.11587261530826,39.379,27.302,126.553677663081,70.354,45.80680084
NPL,Nepal,2024,South Asia,Lower middle income,Kathmandu,27.6939,85.3157,5047.42449022702,3.67787459697703,4.6850965426577,39.313,27.378,124.621898762462,70.636,46.32189941
NPL,Nepal,2025,South Asia,Lower middle income,Kathmandu,27.6939,85.3157,5276.92387725538,4.43073194983359,2.65334269811436,39.244,27.473,128.558746514108,,
NGA,Nigeria,1990,Sub-Saharan Africa,Lower middle income,Abuja,9.05804,7.48906,5423.80689586993,11.7768859342067,7.36440030557697,81.789,74.633,83.1028594970703,45.733,0
NGA,Nigeria,1991,Sub-Saharan Africa,Lower middle income,Abuja,9.05804,7.48906,5301.3634227925,0.358352601622002,13.0069731037427,82.392,75.406,82.3225021362305,45.483,
NGA,Nigeria,1992,Sub-Saharan Africa,Lower middle income,Abuja,9.05804,7.48906,5403.15311796788,4.63119294610988,44.588842715023,83.018,76.264,86.7443771362305,45.587,
NGA,Nigeria,1993,Sub-Saharan Africa,Lower middle income,Abuja,9.05804,7.48906,5154.7575789977,-2.03511877399539,57.1652528349217,83.416,76.759,91.2958602905273,45.783,
NGA,Nigeria,1994,Sub-Saharan Africa,Lower middle income,Abuja,9.05804,7.48906,4929.26827912601,-1.81492448517923,57.031708911966,83.96,77.541,91.5379028320312,45.748,
NGA,Nigeria,1995,Sub-Saharan Africa,Lower middle income,Abuja,9.05804,7.48906,4797.5115213682,-0.0726647640626794,72.8355022972636,84.095,77.721,87.4475326538086,45.87,
NGA,Nigeria,1996,Sub-Saharan Africa,Lower middle income,Abuja,9.05804,7.48906,4869.82113323478,4.19592404666709,29.2682926829272,83.892,77.554,76.7972106933594,45.833,0.00883
NGA,Nigeria,1997,Sub-Saharan Africa,Lower middle income,Abuja,9.05804,7.48906,4884.0474326173,2.93709941923106,8.52987421383633,83.801,77.624,,45.96,0.0172
NGA,Nigeria,1998,Sub-Saharan Africa,Lower middle income,Abuja,9.05804,7.48906,4880.87997109799,2.58125410190809,9.99637812386806,83.67,77.553,,46.148,0.0252
NGA,Nigeria,1999,Sub-Saharan Africa,Lower middle income,Abuja,9.05804,7.48906,4781.67310983975,0.584126892882125,6.61837339479756,83.604,77.628,91.5830917358398,46.609,0.041
NGA,Nigeria,2000,Sub-Saharan Africa,Lower middle income,Abuja,9.05804,7.48906,4889.00321921229,5.01593475936546,6.9332921556516,83.371,77.553,95.5101623535156,47.143,0.0640808079494101
NGA,Nigeria,2001,Sub-Saharan Africa,Lower middle income,Abuja,9.05804,7.48906,5039.54869754112,5.91768464924425,18.8736462093863,83.182,77.4,92.52490234375,47.549,0.089901370457273
NGA,Nigeria,2002,Sub-Saharan Africa,Lower middle income,Abuja,9.05804,7.48906,5654.89706044216,15.3291557409618,12.8765792031099,82.942,77.38,93.6976165771484,48.02,0.320461975542327
NGA,Nigeria,2003,Sub-Saharan Africa,Lower middle income,Abuja,9.05804,7.48906,5905.31482781101,7.34719496793299,14.0317836131437,82.671,77.134,94.8095932006836,48.618,0.558576244860521
NGA,Nigeria,2004,Sub-Saharan Africa,Lower middle income,Abuja,9.05804,7.48906,6275.29894506434,9.25055822923169,14.9980338183251,82.435,76.993,95.7809066772461,49.148,1.28613764134527
NGA,Nigeria,2005,Sub-Saharan Africa,Lower middle income,Abuja,9.05804,7.48906,6496.93228175977,6.43851652535925,17.8634933661605,82.172,76.755,96.3063507080078,49.538,3.54915571796492
NGA,Nigeria,2006,Sub-Saharan Africa,Lower middle income,Abuja,9.05804,7.48906,6702.94533333874,6.05942803202491,8.22743678120907,81.963,76.729,96.6624374389648,49.876,5.54503608300536
NGA,Nigeria,2007,Sub-Saharan Africa,Lower middle income,Abuja,9.05804,7.48906,6949.42650711567,6.59113036066867,5.38610421570143,81.797,76.71,88.06884765625,50.381,6.769999981
NGA,Nigeria,2008,Sub-Saharan Africa,Lower middle income,Abuja,9.05804,7.48906,7215.76946195762,6.76447277784263,11.583054796681,81.609,76.59,79.2687530517578,50.748,8
NGA,Nigeria,2009,Sub-Saharan Africa,Lower middle income,Abuja,9.05804,7.48906,7581.40572089092,8.03692510100366,12.5379242951095,81.517,76.452,80.3091735839844,51.08,9.300000191
NGA,Nigeria,2010,Sub-Saharan Africa,Lower middle income,Abuja,9.05804,7.48906,7962.63957281031,8.00565591623166,13.7400521363694,81.282,76.357,79.8300399780273,51.315,11.5
NGA,Nigeria,2011,Sub-Saharan Africa,Lower middle income,Abuja,9.05804,7.48906,8153.53178650271,5.30792420293915,10.8261371880018,81.119,75.937,84.6805572509766,51.49,13.80000019
NGA,Nigeria,2012,Sub-Saharan Africa,Lower middle income,Abuja,9.05804,7.48906,8265.90551181051,4.23006117492493,12.2242413020582,81.055,75.916,85.9125900268555,51.688,16.10000038
NGA,Nigeria,2013,Sub-Saharan Africa,Lower middle income,Abuja,9.05804,7.48906,8581.20782264031,6.67133539308232,8.49551838265678,80.844,75.766,87.8349702257826,51.827,19.10000038
NGA,Nigeria,2014,Sub-Saharan Africa,Lower middle income,Abuja,9.05804,7.48906,8884.77428628672,6.30971865521856,8.04741087967907,80.765,75.662,84.1216580144923,51.94,21
NGA,Nigeria,2015,Sub-Saharan Africa,Lower middle income,Abuja,9.05804,7.48906,8892.05798673631,2.65269329541779,9.00943498007706,80.793,75.759,25.5657563073792,51.939,22.51420021
NGA,Nigeria,2016,Sub-Saharan Africa,Lower middle income,Abuja,9.05804,7.48906,8534.69281482375,-1.61686894903467,15.6968126387972,80.843,75.887,78.8780517578125,52.189,24.137500760000002
NGA,Nigeria,2017,Sub-Saharan Africa,Lower middle income,Abuja,9.05804,7.48906,8396.78452243227,0.805886619091581,16.5022662139641,80.89,76.156,,52.397,25.87789917
NGA,Nigeria,2018,Sub-Saharan Africa,Lower middle income,Abuja,9.05804,7.48906,8362.62330860296,1.92275734199798,12.0951065173432,80.955,76.355,81.6278513667331,52.669,27.74370003
NGA,Nigeria,2019,Sub-Saharan Africa,Lower middle income,Abuja,9.05804,7.48906,8361.78664836,2.20842927835211,11.3964223378115,81.001,76.597,,53.009,29.74410057
NGA,Nigeria,2020,Sub-Saharan Africa,Lower middle income,Abuja,9.05804,7.48906,7664.21099575168,-6.36889840468527,13.2460234276598,79.314,74.894,84.371583976485,53.072,31.88879967
NGA,Nigeria,2021,Sub-Saharan Africa,Lower middle income,Abuja,9.05804,7.48906,7588.47885587002,1.109252540249,16.9528457221608,80.143,75.893,83.8092555956779,53.455,35.50979996
NGA,Nigeria,2022,Sub-Saharan Africa,Lower middle income,Abuja,9.05804,7.48906,7752.26206495247,4.31882949157136,18.8471877843274,81.268,76.927,,54.079,39.14720154
NGA,Nigeria,2023,Sub-Saharan Africa,Lower middle income,Abuja,9.05804,7.48906,7843.00399007675,3.31590368111438,24.659550203114,82.559,80.693,89.5871124267578,54.462,40.06399918
NGA,Nigeria,2024,Sub-Saharan Africa,Lower middle income,Abuja,9.05804,7.48906,7994.03754470824,4.07106650147703,33.2416590552749,82.566,80.714,,54.635,41.21139908
NGA,Nigeria,2025,Sub-Saharan Africa,Lower middle income,Abuja,9.05804,7.48906,8145.14808387469,4.01336180700973,23.0101235833333,82.517,80.7,,,
PAK,Pakistan,1990,"Middle East, North Africa, Afghanistan & Pakistan",Lower middle income,Islamabad,30.5167,72.8,3199.72962609833,4.45858681510218,9.05213155279776,49.35,11.195,51.8859481811523,59.728,0
PAK,Pakistan,1991,"Middle East, North Africa, Afghanistan & Pakistan",Lower middle income,Islamabad,30.5167,72.8,3252.35104026309,5.06156775897861,11.7912703351416,49.68,13.768,,59.864,
PAK,Pakistan,1992,"Middle East, North Africa, Afghanistan & Pakistan",Lower middle income,Islamabad,30.5167,72.8,3404.12138406329,7.70589781716029,9.5090414619015,49.68,13.795,,59.983,
PAK,Pakistan,1993,"Middle East, North Africa, Afghanistan & Pakistan",Lower middle income,Islamabad,30.5167,72.8,3369.23795906028,1.7577476978468,9.97366476029209,49.2,14.175,,60.083,
PAK,Pakistan,1994,"Middle East, North Africa, Afghanistan & Pakistan",Lower middle income,Islamabad,30.5167,72.8,3395.50432067539,3.73741555767747,12.3681943936948,49.15,14.476,,60.197,
PAK,Pakistan,1995,"Middle East, North Africa, Afghanistan & Pakistan",Lower middle income,Islamabad,30.5167,72.8,3462.47336165841,4.96260914623281,12.3435785170513,48.36,12.553,,60.273,1.23e-4
PAK,Pakistan,1996,"Middle East, North Africa, Afghanistan & Pakistan",Lower middle income,Islamabad,30.5167,72.8,3526.14160875155,4.84658128681654,10.3738085885002,49.24,13.706,,60.466,0.00299
PAK,Pakistan,1997,"Middle East, North Africa, Afghanistan & Pakistan",Lower middle income,Islamabad,30.5167,72.8,3462.58145605889,1.01439601077892,11.3754928865122,50.12,14.936,,60.623,0.0275
PAK,Pakistan,1998,"Middle East, North Africa, Afghanistan & Pakistan",Lower middle income,Islamabad,30.5167,72.8,3454.17665330544,2.55023429817393,6.22800415424543,49.95,15.245,,61.134,0.0439
PAK,Pakistan,1999,"Middle East, North Africa, Afghanistan & Pakistan",Lower middle income,Islamabad,30.5167,72.8,3484.45678319813,3.66013273943236,4.14263718082171,50.18,15.686,,61.54,0.0554
PAK,Pakistan,2000,"Middle East, North Africa, Afghanistan & Pakistan",Lower middle income,Islamabad,30.5167,72.8,3531.71291531612,4.2600880111325,4.36666451291681,50.41,16.13,62.7693099975586,61.903,
PAK,Pakistan,2001,"Middle East, North Africa, Afghanistan & Pakistan",Lower middle income,Islamabad,30.5167,72.8,3559.72784658715,3.65135017083765,3.14826144590618,50.43,16.17,62.63623046875,62.241,1.31855077925626
PAK,Pakistan,2002,"Middle East, North Africa, Afghanistan & Pakistan",Lower middle income,Islamabad,30.5167,72.8,3563.67846926558,2.59481668445784,3.29034472613153,50.45,16.224,62.9242095947266,62.556,2.57742673683831
PAK,Pakistan,2003,"Middle East, North Africa, Afghanistan & Pakistan",Lower middle income,Islamabad,30.5167,72.8,3668.77938852508,5.40131087314342,2.91413470059479,50.59,16.995,64.7272720336914,62.834,5.04115812592502
PAK,Pakistan,2004,"Middle East, North Africa, Afghanistan & Pakistan",Lower middle income,Islamabad,30.5167,72.8,3859.64601808903,7.83125556961251,7.44462469342739,50.73,17.777,68.6156463623047,63.097,6.16432098534156
PAK,Pakistan,2005,"Middle East, North Africa, Afghanistan & Pakistan",Lower middle income,Islamabad,30.5167,72.8,4042.15457513378,7.2765744364722,9.06332737030417,50.381,18.348,71.9533462524414,62.416,6.332300186
PAK,Pakistan,2006,"Middle East, North Africa, Afghanistan & Pakistan",Lower middle income,Islamabad,30.5167,72.8,4185.86655659206,6.05163767569996,7.92108440058789,50.032,18.947,68.5336532592773,63.624,6.5
PAK,Pakistan,2007,"Middle East, North Africa, Afghanistan & Pakistan",Lower middle income,Islamabad,30.5167,72.8,4257.92556870432,4.4448143398844,7.59868441050774,50.045,19.308,72.8158721923828,63.807,6.800000191
PAK,Pakistan,2008,"Middle East, North Africa, Afghanistan & Pakistan",Lower middle income,Islamabad,30.5167,72.8,4233.34830715497,2.1204410433083,20.2861210929554,50.084,19.851,72.6429901123047,64.002,7
PAK,Pakistan,2009,"Middle East, North Africa, Afghanistan & Pakistan",Lower middle income,Islamabad,30.5167,72.8,4270.43882264229,3.47255059567348,13.6477650639761,50.535,20.98,72.9343795776367,64.206,7.5
PAK,Pakistan,2010,"Middle East, North Africa, Afghanistan & Pakistan",Lower middle income,Islamabad,30.5167,72.8,4228.7817715945,1.50171752152883,12.9388705634889,50.997,22.036,73.6427366739346,64.378,8
PAK,Pakistan,2011,"Middle East, North Africa, Afghanistan & Pakistan",Lower middle income,Islamabad,30.5167,72.8,4246.06710882497,2.68011685421705,11.9160927116277,50.775,22.228,70.4406693319938,64.659,8
PAK,Pakistan,2012,"Middle East, North Africa, Afghanistan & Pakistan",Lower middle income,Islamabad,30.5167,72.8,4292.02110293486,3.02758391088629,9.68235186055684,51.113,22.508,69.90386379122,64.883,8.100000381
PAK,Pakistan,2013,"Middle East, North Africa, Afghanistan & Pakistan",Lower middle income,Islamabad,30.5167,72.8,4407.14705841377,4.36686504978387,7.69215611899565,51.451,22.79,68.8875716330274,65.129,9
PAK,Pakistan,2014,"Middle East, North Africa, Afghanistan & Pakistan",Lower middle income,Islamabad,30.5167,72.8,4520.23463399286,4.11642817161422,7.18938402847028,50.997,22.987,72.1897974318755,65.374,10
PAK,Pakistan,2015,"Middle East, North Africa, Afghanistan & Pakistan",Lower middle income,Islamabad,30.5167,72.8,4645.28631071145,4.21794209572506,2.52932817254229,52.026,23.983,71.7399191116414,65.641,11
PAK,Pakistan,2016,"Middle East, North Africa, Afghanistan & Pakistan",Lower middle income,Islamabad,30.5167,72.8,4886.61212115378,6.57383828511043,3.7651191635658,51.682,23.162,75.7336415786478,65.943,12.385446763381
PAK,Pakistan,2017,"Middle East, North Africa, Afghanistan & Pakistan",Lower middle income,Islamabad,30.5167,72.8,5031.56060738433,4.43262590683975,4.08537368032608,51.338,22.358,74.497149935232,66.223,13.77999973
PAK,Pakistan,2018,"Middle East, North Africa, Afghanistan & Pakistan",Lower middle income,Islamabad,30.5167,72.8,5255.06350681272,6.15170261099519,5.07805725868917,50.994,21.571,77.3862722679522,66.481,15.34000015
PAK,Pakistan,2019,"Middle East, North Africa, Afghanistan & Pakistan",Lower middle income,Islamabad,30.5167,72.8,5295.95295138203,2.49763692943365,10.5780305672025,51.597,23.241,78.702552622727,66.729,17.070901719916
PAK,Pakistan,2020,"Middle East, North Africa, Afghanistan & Pakistan",Lower middle income,Islamabad,30.5167,72.8,5135.01459288839,-1.27408744338709,9.74011619320125,51.587,23.406,,65.701,18.935
PAK,Pakistan,2021,"Middle East, North Africa, Afghanistan & Pakistan",Lower middle income,Islamabad,30.5167,72.8,5367.27364714762,6.51388575852702,9.49641577285205,52.73,24.365,80.3165790075685,65.773,
PAK,Pakistan,2022,"Middle East, North Africa, Afghanistan & Pakistan",Lower middle income,Islamabad,30.5167,72.8,5526.27928310213,4.7781068690358,19.8738599646655,52.406,24.027,78.9400248844352,67.417,
PAK,Pakistan,2023,"Middle East, North Africa, Afghanistan & Pakistan",Lower middle income,Islamabad,30.5167,72.8,5418.7693189297,-0.414935997088406,30.7681280657005,52.372,23.997,81.3796346128751,67.649,
PAK,Pakistan,2024,"Middle East, North Africa, Afghanistan & Pakistan",Lower middle income,Islamabad,30.5167,72.8,5502.0736120186,3.08176295579301,12.6325318530452,52.308,23.989,83.726068200404,67.799,57.253
PAK,Pakistan,2025,"Middle East, North Africa, Afghanistan & Pakistan",Lower middle income,Islamabad,30.5167,72.8,5617.25078028458,3.69842668749033,3.54555214890893,52.335,24.046,,,
PHL,Philippines,1990,East Asia & Pacific,Lower middle income,Manila,14.5515,121.035,4504.46230383567,3.08267252855887,12.1773522064946,61.362,47.352,106.466331481934,64.382,0
PHL,Philippines,1991,East Asia & Pacific,Lower middle income,Manila,14.5515,121.035,4378.39532090518,-0.436390080533428,19.2614585266282,61.42,47.429,105.011001586914,64.622,
PHL,Philippines,1992,East Asia & Pacific,Lower middle income,Manila,14.5515,121.035,4293.71810131081,0.417629066097945,8.65100357865265,61.46,47.48,103.304977416992,65.353,
PHL,Philippines,1993,East Asia & Pacific,Lower middle income,Manila,14.5515,121.035,4283.15967786629,2.181889985613,6.71631104109973,61.465,47.483,102.162200927734,65.661,
PHL,Philippines,1994,East Asia & Pacific,Lower middle income,Manila,14.5515,121.035,4374.06721651165,4.37366591819077,10.3864734299517,61.422,47.432,100.19603729248,66,0.00584
PHL,Philippines,1995,East Asia & Pacific,Lower middle income,Manila,14.5515,121.035,4477.32317711022,4.62522511739661,6.83199610989534,61.374,47.374,99.3184585571289,66.311,0.0286
PHL,Philippines,1996,East Asia & Pacific,Lower middle income,Manila,14.5515,121.035,4631.77197705972,5.8603478716379,7.4761037778791,61.304,47.279,102.639106750488,66.691,0.0559
PHL,Philippines,1997,East Asia & Pacific,Lower middle income,Manila,14.5515,121.035,4758.70845808515,5.18641167406165,5.59025939650601,61.248,47.204,103.284637451172,66.994,0.137
PHL,Philippines,1998,East Asia & Pacific,Lower middle income,Manila,14.5515,121.035,4616.67292900617,-0.514090599541888,9.23493432267121,61.311,47.269,102.765266418457,67.212,1.1
PHL,Philippines,1999,East Asia & Pacific,Lower middle income,Manila,14.5515,121.035,4650.75926947589,3.34645118398267,5.93904901780808,61.296,47.234,103.614517211914,67.503,1.43
PHL,Philippines,2000,East Asia & Pacific,Lower middle income,Manila,14.5515,121.035,4740.43891694569,4.38250500083399,3.9771250324928,61.256,47.176,104.052787780762,67.789,1.98225319605827
PHL,Philippines,2001,East Asia & Pacific,Lower middle income,Manila,14.5515,121.035,4778.4008437474,3.04923134463486,5.34550195567142,61.24,47.148,103.305671691895,67.829,2.52400566008269
PHL,Philippines,2002,East Asia & Pacific,Lower middle income,Manila,14.5515,121.035,4856.49948429567,3.71625500158383,2.72277227722765,61.206,47.108,102.620742797852,67.886,4.33227574643007
PHL,Philippines,2003,East Asia & Pacific,Lower middle income,Manila,14.5515,121.035,5003.38317718716,5.08691113513073,2.28915662650607,61.143,47.034,102.732582092285,68.049,4.85767226708512
PHL,Philippines,2004,East Asia & Pacific,Lower middle income,Manila,14.5515,121.035,5229.45080700165,6.56922851180626,4.82921083627795,61.524,46.711,102.275131225586,68.301,5.2436284521711
PHL,Philippines,2005,East Asia & Pacific,Lower middle income,Manila,14.5515,121.035,5386.81653712891,4.94250511877678,6.51685393258433,61.589,47.449,101.720321655273,68.423,5.397600174
PHL,Philippines,2006,East Asia & Pacific,Lower middle income,Manila,14.5515,121.035,5578.57225112139,5.31641682136939,5.4852320675105,61.418,47.6,100.087287902832,68.172,5.74058632534702
PHL,Philippines,2007,East Asia & Pacific,Lower middle income,Manila,14.5515,121.035,5840.06810169965,6.51929155018938,2.90000000000003,61.259,47.605,100.310913085938,68.549,5.97
PHL,Philippines,2008,East Asia & Pacific,Lower middle income,Manila,14.5515,121.035,5987.03757861835,4.34448730509183,8.26044703595725,61.065,47.063,101.465858459473,68.643,6.22
PHL,Philippines,2009,East Asia & Pacific,Lower middle income,Manila,14.5515,121.035,5965.30730902221,1.44832306275669,4.21903052064628,61.435,47.866,102.759162902832,68.631,9
PHL,Philippines,2010,East Asia & Pacific,Lower middle income,Manila,14.5515,121.035,6273.03927731515,7.33449996034538,3.78983634797591,61.434,48.119,,68.883,25
PHL,Philippines,2011,East Asia & Pacific,Lower middle income,Manila,14.5515,121.035,6388.31296959977,3.85823282795663,4.7184170471842,62.23,48.935,,69.096,29
PHL,Philippines,2012,East Asia & Pacific,Lower middle income,Manila,14.5515,121.035,6697.55620962768,6.89695171050985,3.02696391124796,61.733,48.459,,69.237,30.799999239999998
PHL,Philippines,2013,East Asia & Pacific,Lower middle income,Manila,14.5515,121.035,7016.53846470436,6.75053130142255,2.58268766141795,61.446,48.338,,69.283,32.70000076
PHL,Philippines,2014,East Asia & Pacific,Lower middle income,Manila,14.5515,121.035,7340.361585912,6.34798748260867,3.59782343864211,62.171,49.121,104.629987793486,69.311,34.70000076
PHL,Philippines,2015,East Asia & Pacific,Lower middle income,Manila,14.5515,121.035,7691.76308685047,6.34830971672761,0.674192536845408,61.405,48.67,103.408354699272,69.45,36.90000153
PHL,Philippines,2016,East Asia & Pacific,Lower middle income,Manila,14.5515,121.035,8131.82537948653,7.14945675000752,1.25369880080982,61.59,48.19,101.721937186986,69.49,39.20000076
PHL,Philippines,2017,East Asia & Pacific,Lower middle income,Manila,14.5515,121.035,8584.13622709699,6.9309883258402,2.85318772590947,59.141,45.045,99.3666730080757,69.966,41.59999847
PHL,Philippines,2018,East Asia & Pacific,Lower middle income,Manila,14.5515,121.035,9016.28659637608,6.34148557153473,5.30934661627707,58.981,45.532,94.5541345217085,69.761,44.09999847
PHL,Philippines,2019,East Asia & Pacific,Lower middle income,Manila,14.5515,121.035,9452.2939715981,6.11852566221303,2.39206534422404,59.444,46.566,93.0076871274695,69.68,43.0266118680279
PHL,Philippines,2020,East Asia & Pacific,Lower middle income,Manila,14.5515,121.035,8455.18457134106,-9.51829474045297,2.3931623931624,54.746,42.675,93.2822386485839,70.097,53.76490021
PHL,Philippines,2021,East Asia & Pacific,Lower middle income,Manila,14.5515,121.035,8857.78995115514,5.71473313185116,3.92718022100332,56.471,44.203,88.8345145801337,66.675,66.90779877
PHL,Philippines,2022,East Asia & Pacific,Lower middle income,Manila,14.5515,121.035,9457.10395402883,7.58098212785563,5.82115811213955,61.439,50.38,90.6131438325611,69.472,75.21114422
PHL,Philippines,2023,East Asia & Pacific,Lower middle income,Manila,14.5515,121.035,9898.53294588106,5.51894967856043,5.97802515541409,61.42,50.445,92.4462107015215,69.833,77.86699677
PHL,Philippines,2024,East Asia & Pacific,Lower middle income,Manila,14.5515,121.035,10378.1717703535,5.71474526128652,3.21260487006347,61.402,50.511,94.0330906383194,69.946,67.26300914
PHL,Philippines,2025,East Asia & Pacific,Lower middle income,Manila,14.5515,121.035,10747.5454408601,4.40240158710621,1.6587364525509,61.35,50.489,,,
LKA,Sri Lanka,1990,South Asia,Lower middle income,Colombo,6.92148,79.8528,4561.57913260491,6.39999531084838,21.495252052759,61.45,45.149,110.380340576172,69.239,0
LKA,Sri Lanka,1991,South Asia,Lower middle income,Colombo,6.92148,79.8528,4735.81940022694,4.59998724404535,12.1856307214389,59.057,41.002,113.819549560547,69.131,
LKA,Sri Lanka,1992,South Asia,Lower middle income,Colombo,6.92148,79.8528,4866.23941152126,4.39999125181939,11.3834370512206,56.62,36.913,114.770050048828,69.619,
LKA,Sri Lanka,1993,South Asia,Lower middle income,Colombo,6.92148,79.8528,5114.43630395889,6.90006325149474,11.7467370174946,56.72,37.676,116.811027526855,70.049,
LKA,Sri Lanka,1994,South Asia,Lower middle income,Colombo,6.92148,79.8528,5322.72963126043,5.59991872510166,8.44871248698348,57.04,37.9,117.23023223877,70.211,0.00277
LKA,Sri Lanka,1995,South Asia,Lower middle income,Colombo,6.92148,79.8528,5523.31225392817,5.5000852341585,7.67484873449805,54.88,35.6,119.98664855957,69.746,0.00548
LKA,Sri Lanka,1996,South Asia,Lower middle income,Colombo,6.92148,79.8528,5624.02393649431,3.79996720568178,15.9358310447214,55.4,35.489,111.966049194336,69.841,0.0545
LKA,Sri Lanka,1997,South Asia,Lower middle income,Colombo,6.92148,79.8528,5871.72297556048,6.40539969571286,9.57369626405162,55.24,35.263,,69.934,0.162
LKA,Sri Lanka,1998,South Asia,Lower middle income,Colombo,6.92148,79.8528,6032.62212629246,4.69842304772052,9.36424300683229,58.82,41.33,107.307228088379,70.134,0.296
LKA,Sri Lanka,1999,South Asia,Lower middle income,Colombo,6.92148,79.8528,6176.23548454667,4.30054049813373,4.69170563048438,57.31,37.649,,70.427,0.348
LKA,Sri Lanka,2000,South Asia,Lower middle income,Colombo,6.92148,79.8528,6428.61341889128,6.00003315828934,6.17627591012045,55.57,36.331,,71.179,0.647410010940963
LKA,Sri Lanka,2001,South Asia,Lower middle income,Colombo,6.92148,79.8528,6230.03051863559,-1.54540813366026,14.15845579912,55.343,36.077,102.919822692871,71.804,0.793821864362622
LKA,Sri Lanka,2002,South Asia,Lower middle income,Colombo,6.92148,79.8528,6409.86278892115,3.96467568513113,9.55103167007251,55.116,35.831,100.614151000977,72.271,1.05042270585318
LKA,Sri Lanka,2003,South Asia,Lower middle income,Colombo,6.92148,79.8528,6741.01248848024,5.9402690780223,6.31463787051174,54.889,35.59,97.2239837646484,72.442,1.45858022842408
LKA,Sri Lanka,2004,South Asia,Lower middle income,Colombo,6.92148,79.8528,7059.91098067102,5.44506127885352,7.57592582995856,54.662,35.35,92.1975326538086,68.022,1.44615998041486
LKA,Sri Lanka,2005,South Asia,Lower middle income,Colombo,6.92148,79.8528,7452.7423412297,6.24174804376447,11.6396860971118,54.435,35.111,94.2228393554688,73.073,1.792000055
LKA,Sri Lanka,2006,South Asia,Lower middle income,Colombo,6.92148,79.8528,7970.6649101939,7.66829190107919,10.0201836057035,54.207,34.876,94.2331619262695,72.825,2.53756612897332
LKA,Sri Lanka,2007,South Asia,Lower middle income,Colombo,6.92148,79.8528,8454.20675331505,6.79682611892866,15.8421114924843,53.979,34.644,94.312141418457,72.983,3.88
LKA,Sri Lanka,2008,South Asia,Lower middle income,Colombo,6.92148,79.8528,8897.82686005016,5.95008814473897,22.5644955300126,53.751,34.415,94.1940231323242,72.556,4.824500084
LKA,Sri Lanka,2009,South Asia,Lower middle income,Colombo,6.92148,79.8528,9156.31906481264,3.53891205317842,3.46496322106074,53.523,34.191,92.6846313476562,70.298,5.868500233
LKA,Sri Lanka,2010,South Asia,Lower middle income,Colombo,6.92148,79.8528,9832.18622335265,8.01596737040464,6.2176488930462,53.295,33.965,97.4528586032738,74.463,6.912399769
LKA,Sri Lanka,2011,South Asia,Lower middle income,Colombo,6.92148,79.8528,10618.4925999722,8.66948301160571,6.7167684358854,52.867,33.946,97.2173193437696,74.74,7.956399918
LKA,Sri Lanka,2012,South Asia,Lower middle income,Colombo,6.92148,79.8528,11447.6937737782,8.6321813769906,7.54291373239437,52.57,32.649,97.1213977626125,75.187,9.00039959
LKA,Sri Lanka,2013,South Asia,Lower middle income,Colombo,6.92148,79.8528,12249.7223347846,4.0517463303875,6.90845034828452,52.053,33.869,97.2127527169757,75.546,10.04440022
LKA,Sri Lanka,2014,South Asia,Lower middle income,Colombo,6.92148,79.8528,12909.9663068113,6.37797889684965,3.1790022823606,51.599,33.211,97.433058484166,75.757,10.5000026214106
LKA,Sri Lanka,2015,South Asia,Lower middle income,Colombo,6.92148,79.8528,13329.779343882,4.20595547501601,3.76836783062096,53.669,35.33,97.4508545353363,75.99,15.26249981
LKA,Sri Lanka,2016,South Asia,Lower middle income,Colombo,6.92148,79.8528,13845.6146782218,5.05362488993089,3.9588884659307,53.725,35.252,96.9411621819868,76.136,22.19
LKA,Sri Lanka,2017,South Asia,Lower middle income,Colombo,6.92148,79.8528,14572.4858214616,6.46068127080994,7.70413767850602,53.991,36.094,96.6249037351597,76.239,25.07550049
LKA,Sri Lanka,2018,South Asia,Lower middle income,Colombo,6.92148,79.8528,14759.8248945226,2.31008425504933,2.135037737132,51.721,33.105,95.9343814573526,76.485,28.33620071
LKA,Sri Lanka,2019,South Asia,Lower middle income,Colombo,6.92148,79.8528,14637.4442912676,-0.220483886824823,3.52839358231811,52.249,34.051,95.4735034890634,76.698,32.02090073
LKA,Sri Lanka,2020,South Asia,Lower middle income,Colombo,6.92148,79.8528,13886.6513728689,-4.62451503712715,6.15394508391738,50.495,31.663,95.2338733103182,76.928,36.18473435
LKA,Sri Lanka,2021,South Asia,Lower middle income,Colombo,6.92148,79.8528,14316.1352225567,4.2074764950026,7.01478071238195,49.836,31.329,94.459178502415,76.278,44.45308724
LKA,Sri Lanka,2022,South Asia,Lower middle income,Colombo,6.92148,79.8528,13249.0650505201,-7.34919311146656,49.7211021114327,49.727,31.605,92.9846466705678,77.3,48.3
LKA,Sri Lanka,2023,South Asia,Lower middle income,Colombo,6.92148,79.8528,13065.0698305722,-2.0289296690344,16.5411742279832,47.4,29.6,91.4511421235026,77.483,51.2
LKA,Sri Lanka,2024,South Asia,Lower middle income,Colombo,6.92148,79.8528,13793.0669827677,4.99241614398109,-0.42936004906973,48.6,30.998,,77.672,54.59
LKA,Sri Lanka,2025,South Asia,Lower middle income,Colombo,6.92148,79.8528,14582.7603740374,4.9534339114043,-4.76386036960983,48.517,30.992,,,
TZA,Tanzania,1990,Sub-Saharan Africa,Lower middle income,Dodoma,-6.17486,35.7382,1794.20458984375,7.04507164205259,35.8267716535433,86.68,84.054,66.7098770141602,51.985,0
TZA,Tanzania,1991,Sub-Saharan Africa,Lower middle income,Dodoma,-6.17486,35.7382,1785.66394042969,2.07198821361914,28.695652173913,86.657,84.084,67.6530685424805,51.837,
TZA,Tanzania,1992,Sub-Saharan Africa,Lower middle income,Dodoma,-6.17486,35.7382,1751.91845703125,0.584322131924068,21.8468468468473,86.633,84.116,67.8285980224609,51.432,
TZA,Tanzania,1993,Sub-Saharan Africa,Lower middle income,Dodoma,-6.17486,35.7382,1718.39306640625,1.20580080875436,25.277264325323,86.574,84.179,68.8042526245117,51.215,
TZA,Tanzania,1994,Sub-Saharan Africa,Lower middle income,Dodoma,-6.17486,35.7382,1679.66235351563,1.56766176421846,34.0833640722984,86.484,84.276,68.3502197265625,51.077,
TZA,Tanzania,1995,Sub-Saharan Africa,Lower middle income,Dodoma,-6.17486,35.7382,1685.85107421875,3.56991186849247,27.4277854195323,86.435,84.333,68.2438812255859,51.005,
TZA,Tanzania,1996,Sub-Saharan Africa,Lower middle income,Dodoma,-6.17486,35.7382,1730.55456542969,4.54436680394173,20.9772596430629,86.459,84.314,67.9035873413086,51.132,0.00162
TZA,Tanzania,1997,Sub-Saharan Africa,Lower middle income,Dodoma,-6.17486,35.7382,1755.8037109375,3.52527818941036,16.0906549283201,86.476,84.301,68.5283508300781,51.246,0.0079
TZA,Tanzania,1998,Sub-Saharan Africa,Lower middle income,Dodoma,-6.17486,35.7382,1773.72424316406,3.70851159859504,12.7997540479609,86.465,84.316,66.8706817626953,51.807,0.00924
TZA,Tanzania,1999,Sub-Saharan Africa,Lower middle income,Dodoma,-6.17486,35.7382,1810.97155761719,4.86386375362282,7.89043336058877,86.456,84.328,67.8792419433594,52.399,0.0751
TZA,Tanzania,2000,Sub-Saharan Africa,Lower middle income,Dodoma,-6.17486,35.7382,1839.93664550781,4.52078463603256,5.92396109637479,86.441,84.345,69.492431640625,53.244,0.11719444010825
TZA,Tanzania,2001,Sub-Saharan Africa,Lower middle income,Dodoma,-6.17486,35.7382,1899.74536132813,6.07080828734129,5.14746800222618,86.438,84.35,75.7181167602539,54.124,0.171300350668948
TZA,Tanzania,2002,Sub-Saharan Africa,Lower middle income,Dodoma,-6.17486,35.7382,1982.64428710938,7.09319498355502,5.31783366118203,86.84,84.939,90.610237121582,54.94,0.222484413923909
TZA,Tanzania,2003,Sub-Saharan Africa,Lower middle income,Dodoma,-6.17486,35.7382,2059.83740234375,6.67278983053497,5.30356621509782,87.232,85.51,96.8610763549805,55.929,0.676962856510303
TZA,Tanzania,2004,Sub-Saharan Africa,Lower middle income,Dodoma,-6.17486,35.7382,2155.24145507813,7.50381465859829,4.73580143949058,87.614,86.064,101.592483520508,56.836,0.87757497099259
TZA,Tanzania,2005,Sub-Saharan Africa,Lower middle income,Dodoma,-6.17486,35.7382,2253.09326171875,7.47631925974784,5.03457009267163,87.987,86.6,105.037376403809,57.675,1.100000024
TZA,Tanzania,2006,Sub-Saharan Africa,Lower middle income,Dodoma,-6.17486,35.7382,2334.1044921875,6.53222138847813,7.25097262082546,88.349,87.119,107.455772399902,58.512,1.299999952
TZA,Tanzania,2007,Sub-Saharan Africa,Lower middle income,Dodoma,-6.17486,35.7382,2423.61596679688,6.76853520293716,7.02551436974771,87.864,86.361,108.751991271973,59.26,1.6
TZA,Tanzania,2008,Sub-Saharan Africa,Lower middle income,Dodoma,-6.17486,35.7382,2493.25927734375,5.68641685905224,10.2783937621135,87.362,85.572,109.176727294922,59.896,1.899999976
TZA,Tanzania,2009,Sub-Saharan Africa,Lower middle income,Dodoma,-6.17486,35.7382,2560.81103515625,5.26910524873463,12.1422278742988,86.842,84.751,103.463706970215,60.494,2.4000000950000002
TZA,Tanzania,2010,Sub-Saharan Africa,Lower middle income,Dodoma,-6.17486,35.7382,2654.80346679688,6.33652342666889,6.20015595647403,86.305,83.896,100.14820098877,61.127,2.9000000950000002
TZA,Tanzania,2011,Sub-Saharan Africa,Lower middle income,Dodoma,-6.17486,35.7382,2779.70776367188,7.67215543486064,12.6909694699162,85.749,83.001,95.0884666333147,61.618,3.200000048
TZA,Tanzania,2012,Sub-Saharan Africa,Lower middle income,Dodoma,-6.17486,35.7382,2822.4853515625,4.50015356010131,16.0010938506338,85.174,82.069,91.9735025482608,62.286,3.950000048
TZA,Tanzania,2013,Sub-Saharan Africa,Lower middle income,Dodoma,-6.17486,35.7382,2924.86328125,6.78158560065316,7.87072364573959,84.58,81.098,88.8300914467545,62.788,4.400000095
TZA,Tanzania,2014,Sub-Saharan Africa,Lower middle income,Dodoma,-6.17486,35.7382,3027.56909179688,6.73246186832483,6.13161432988012,83.967,80.089,85.9364790514687,63.364,7
TZA,Tanzania,2015,Sub-Saharan Africa,Lower middle income,Dodoma,-6.17486,35.7382,3111.44458007813,6.16062877406682,5.58816952959298,83.935,80.123,84.2207717895508,63.928,10
TZA,Tanzania,2016,Sub-Saharan Africa,Lower middle income,Dodoma,-6.17486,35.7382,3214.24682617188,6.86711619644551,5.17476629301493,83.894,80.164,85.2800976460579,64.404,13.5042328468919
TZA,Tanzania,2017,Sub-Saharan Africa,Lower middle income,Dodoma,-6.17486,35.7382,3318.28833007813,6.72726996832438,5.31871605228931,83.86,80.202,89.5967210005503,64.963,14.46339989
TZA,Tanzania,2018,Sub-Saharan Africa,Lower middle income,Dodoma,-6.17486,35.7382,3392.68872070313,5.50267599384966,3.49445848856181,83.834,80.234,94.9840282240997,65.488,15.49069977
TZA,Tanzania,2019,Sub-Saharan Africa,Lower middle income,Dodoma,-6.17486,35.7382,3484.63256835938,5.79999999996723,3.46428057999021,83.811,80.265,97.6456520812412,66.007,16.59090042
TZA,Tanzania,2020,Sub-Saharan Africa,Lower middle income,Dodoma,-6.17486,35.7382,3449.82153320313,1.99196460647855,3.29029062798325,82.837,79.344,98.5753622403869,66.771,19.48139954
TZA,Tanzania,2021,Sub-Saharan Africa,Lower middle income,Dodoma,-6.17486,35.7382,3493.0830078125,4.32138429480482,3.69091958802199,83.733,80.425,98.6999541804178,66.131,22.87540054
TZA,Tanzania,2022,Sub-Saharan Africa,Lower middle income,Dodoma,-6.17486,35.7382,3546.98095703125,4.56600576430955,4.35027204269101,83.77,80.273,90.6152672281358,66.879,26.86059952
TZA,Tanzania,2023,Sub-Saharan Africa,Lower middle income,Dodoma,-6.17486,35.7382,3620.79345703125,5.06952353203394,3.79923291384916,83.766,80.33,95.6409804093201,66.995,28.43190002
TZA,Tanzania,2024,Sub-Saharan Africa,Lower middle income,Dodoma,-6.17486,35.7382,3713.26293945313,5.5263138305945,3.05694676312373,83.749,80.288,92.6902654262381,67.212,31.16209984
TZA,Tanzania,2025,Sub-Saharan Africa,Lower middle income,Dodoma,-6.17486,35.7382,3820.61181640625,5.85286828692739,3.32697361316105,83.716,80.282,,,
THA,Thailand,1990,East Asia & Pacific,Upper middle income,Bangkok,13.7308,100.521,8702.899560469,11.1671634446293,5.8639947437583,75.208,65.605,104.279899597168,68.924,0
THA,Thailand,1991,East Asia & Pacific,Upper middle income,Bangkok,13.7308,100.521,9295.04057342995,8.5582603212423,5.70985259891396,75.121,65.522,104.933898925781,69.132,5.22e-5
THA,Thailand,1992,East Asia & Pacific,Upper middle income,Bangkok,13.7308,100.521,9887.97373654022,8.08338802345332,4.13914575077053,75.06,65.474,105.160911560059,69.353,3.44e-4
THA,Thailand,1993,East Asia & Pacific,Upper middle income,Bangkok,13.7308,100.521,10539.9611081001,8.25191591524627,3.31219168428468,75.006,65.452,103.63646697998,69.568,0.0136
THA,Thailand,1994,East Asia & Pacific,Upper middle income,Bangkok,13.7308,100.521,11216.2548285636,7.99702466720433,5.04774897680755,74.957,65.456,101.570121765137,69.661,0.0386
THA,Thailand,1995,East Asia & Pacific,Upper middle income,Bangkok,13.7308,100.521,11955.2188089811,8.12031534625378,5.81818181818192,75.254,66.556,98.0148162841797,69.757,0.0748
THA,Thailand,1996,East Asia & Pacific,Upper middle income,Bangkok,13.7308,100.521,12457.6820831228,5.65194446499471,5.80510554737349,75.495,67.565,93.3479690551758,69.94,0.115
THA,Thailand,1997,East Asia & Pacific,Upper middle income,Bangkok,13.7308,100.521,11954.1474335919,-2.75357515314082,5.62579747129106,75.421,67.743,92.8980865478516,70.362,0.361
THA,Thailand,1998,East Asia & Pacific,Upper middle income,Bangkok,13.7308,100.521,10898.3370239872,-7.63403528600102,7.99472875027457,74.492,66.361,93.6311264038086,70.703,1.09
THA,Thailand,1999,East Asia & Pacific,Upper middle income,Bangkok,13.7308,100.521,11254.6098303333,4.57230775115542,0.284726459223048,73.294,65.185,97.0331726074219,70.979,2.43
THA,Thailand,2000,East Asia & Pacific,Upper middle income,Bangkok,13.7308,100.521,11623.7874580461,4.45524704335014,1.59196917460972,73.483,65.596,96.5518493652344,71.205,3.68904127944164
THA,Thailand,2001,East Asia & Pacific,Upper middle income,Bangkok,13.7308,100.521,11902.6109229705,3.44424900968372,1.62690887314091,73.553,65.255,95.3342666625977,71.52,5.55632612097332
THA,Thailand,2002,East Asia & Pacific,Upper middle income,Bangkok,13.7308,100.521,12513.5421967032,6.14903605210036,0.697308976625449,73.27,65.107,96.070182800293,71.775,7.53125033488567
THA,Thailand,2003,East Asia & Pacific,Upper middle income,Bangkok,13.7308,100.521,13288.7481561137,7.18924330340971,1.80434994635718,73.015,64.99,,72.101,9.29902723805965
THA,Thailand,2004,East Asia & Pacific,Upper middle income,Bangkok,13.7308,100.521,13998.521730812,6.28934214285795,2.75914926231082,73.018,64.808,97.9626998901367,72.1,10.6773033237281
THA,Thailand,2005,East Asia & Pacific,Upper middle income,Bangkok,13.7308,100.521,14459.825626203,4.18763842884337,4.54036919634536,73.038,65.23,98.4672393798828,72.894,15.0260043588909
THA,Thailand,2006,East Asia & Pacific,Upper middle income,Bangkok,13.7308,100.521,15052.6955101059,4.96781089246107,4.63747436011764,72.482,64.281,98.4360427856445,73.341,17.1607147169285
THA,Thailand,2007,East Asia & Pacific,Upper middle income,Bangkok,13.7308,100.521,15744.3652449147,5.43515169050809,2.24154095286802,72.873,64.808,97.8308029174805,73.779,20.03
THA,Thailand,2008,East Asia & Pacific,Upper middle income,Bangkok,13.7308,100.521,15893.5084947968,1.72569884866334,5.46848949649846,72.877,64.867,96.5354995727539,74.221,18.2
THA,Thailand,2009,East Asia & Pacific,Upper middle income,Bangkok,13.7308,100.521,15667.6047343164,-0.690618232300579,-0.845716092316721,72.835,64.659,93.5188827514648,74.669,20.1
THA,Thailand,2010,East Asia & Pacific,Upper middle income,Bangkok,13.7308,100.521,16732.187029014,7.51339053261624,3.24758842443725,71.657,63.685,89.2488479614258,75.012,22.4
THA,Thailand,2011,East Asia & Pacific,Upper middle income,Bangkok,13.7308,100.521,16768.1688542486,0.840132083053334,3.81191694558332,73.226,65.806,95.6526031494141,75.302,23.669925618731
THA,Thailand,2012,East Asia & Pacific,Upper middle income,Bangkok,13.7308,100.521,17871.5786477565,7.24279620249642,3.00948610403357,72.825,65.071,96.4982681274414,75.59,26.46
THA,Thailand,2013,East Asia & Pacific,Upper middle income,Bangkok,13.7308,100.521,18244.4071505088,2.68749556320556,2.18617704418967,69.97,61.78,97.1840591430664,75.96,28.94
THA,Thailand,2014,East Asia & Pacific,Upper middle income,Bangkok,13.7308,100.521,18326.604873747,0.984468863619426,1.89455652481545,69.794,61.447,103.479377746582,76.279,34.8860535783465
THA,Thailand,2015,East Asia & Pacific,Upper middle income,Bangkok,13.7308,100.521,18814.0408554566,3.13404724911635,-0.898143410569433,69.269,61.068,103.333457946777,76.563,39.3161267365004
THA,Thailand,2016,East Asia & Pacific,Upper middle income,Bangkok,13.7308,100.521,19372.7128024107,3.43515771692182,0.186235191075453,68.315,60.17,104.941299438477,76.769,47.5049656215909
THA,Thailand,2017,East Asia & Pacific,Upper middle income,Bangkok,13.7308,100.521,20096.8605455164,4.1776810321001,0.664415139830893,67.525,59.351,101.863590810489,76.989,52.8919293439676
THA,Thailand,2018,East Asia & Pacific,Upper middle income,Bangkok,13.7308,100.521,20882.1707419576,4.22287028746071,1.06683487370758,67.798,59.569,102.013545184574,77.19,56.8174809301456
THA,Thailand,2019,East Asia & Pacific,Upper middle income,Bangkok,13.7308,100.521,21280.1504518601,2.11455779628278,0.705524801910317,66.94,58.9,103.012241063391,77.197,66.6524194587528
THA,Thailand,2020,East Asia & Pacific,Upper middle income,Bangkok,13.7308,100.521,19950.2844063147,-6.09306312966953,-0.846087518861799,67.021,59.106,103.859900460568,77.331,77.84374066
THA,Thailand,2021,East Asia & Pacific,Upper middle income,Bangkok,13.7308,100.521,20236.9760408784,1.55858232076893,1.23104516549814,66.952,59.18,103.619796585158,77.606,85.26956666
THA,Thailand,2022,East Asia & Pacific,Upper middle income,Bangkok,13.7308,100.521,20768.4800093577,2.63784213566305,6.07589952842433,67.18,59.576,104.833004394528,75.291,87.97724503
THA,Thailand,2023,East Asia & Pacific,Upper middle income,Bangkok,13.7308,100.521,21245.2706771879,2.24883437970568,1.22908986612448,67.814,60.311,102.574975655738,76.412,89.53525238
THA,Thailand,2024,East Asia & Pacific,Upper middle income,Bangkok,13.7308,100.521,21882.2142474833,2.94859986593323,0.398333333333422,67.129,59.473,101.004223573604,76.564,90.86718789
THA,Thailand,2025,East Asia & Pacific,Upper middle income,Bangkok,13.7308,100.521,22431.7518380848,2.44247444990198,-0.133634356480207,66.678,58.963,100.728168483387,,
VNM,Viet Nam,1990,East Asia & Pacific,Lower middle income,Hanoi,21.0069,105.825,2467.96460080463,5.10091813908369,,78.151,74.736,102.543182373047,69.027,0
VNM,Viet Nam,1991,East Asia & Pacific,Lower middle income,Hanoi,21.0069,105.825,2560.84383496164,5.96084393218912,,78.062,74.622,103.643630981445,69.303,
VNM,Viet Nam,1992,East Asia & Pacific,Lower middle income,Hanoi,21.0069,105.825,2726.47373748487,8.64604745934572,,77.87,74.411,104.49942779541,69.62,
VNM,Viet Nam,1993,East Asia & Pacific,Lower middle income,Hanoi,21.0069,105.825,2890.42431737761,8.07273065739605,,77.709,74.235,108.639862060547,69.957,
VNM,Viet Nam,1994,East Asia & Pacific,Lower middle income,Hanoi,21.0069,105.825,3089.60933725631,8.83898095245374,,77.525,74.035,111.886009216309,70.379,
VNM,Viet Nam,1995,East Asia & Pacific,Lower middle income,Hanoi,21.0069,105.825,3328.21486039558,9.54048017491264,,77.315,73.806,115.786849975586,70.871,
VNM,Viet Nam,1996,East Asia & Pacific,Lower middle income,Hanoi,21.0069,105.825,3584.02898335147,9.34001749939179,5.67499999999992,77.113,73.585,118.32006072998,71.296,1.35e-4
VNM,Viet Nam,1997,East Asia & Pacific,Lower middle income,Hanoi,21.0069,105.825,3820.30249485434,8.1520841433542,3.20952606261375,76.14,72.532,120.42115020752,71.67,0.00398
VNM,Viet Nam,1998,East Asia & Pacific,Lower middle income,Hanoi,21.0069,105.825,3982.95805965603,5.76445545848843,7.26619804400963,75.327,71.824,119.422866821289,72.283,0.0131
VNM,Viet Nam,1999,East Asia & Pacific,Lower middle income,Hanoi,21.0069,105.825,4119.05367208231,4.77358688344989,4.11710235771736,74.509,71.181,116.105407714844,72.575,0.129
VNM,Viet Nam,2000,East Asia & Pacific,Lower middle income,Hanoi,21.0069,105.825,4349.22348751462,6.78731640463151,-1.71033727851111,73.393,69.974,113.529556274414,72.746,0.25424827575493397
VNM,Viet Nam,2001,East Asia & Pacific,Lower middle income,Hanoi,21.0069,105.825,4570.26846577385,6.19289331233377,-0.43154451172818,74.911,71.493,111.295097351074,72.984,1.26565123612317
VNM,Viet Nam,2002,East Asia & Pacific,Lower middle income,Hanoi,21.0069,105.825,4809.62151118535,6.32082099160833,3.83082838168468,74.416,70.833,109.35701751709,73.138,1.85499923592581
VNM,Viet Nam,2003,East Asia & Pacific,Lower middle income,Hanoi,21.0069,105.825,5090.28990869885,6.89906349055258,3.23464817293925,74.096,70.353,107.77010345459,73.236,3.78028081370641
VNM,Viet Nam,2004,East Asia & Pacific,Lower middle income,Hanoi,21.0069,105.825,5421.09702829121,7.53641060890386,7.75494748709606,73.986,70.098,106.744956970215,73.062,7.64240852842363
VNM,Viet Nam,2005,East Asia & Pacific,Lower middle income,Hanoi,21.0069,105.825,5776.36304451268,7.54724772895918,8.28457243128667,74.247,70.381,104.89729309082,73.198,12.7399292907031
VNM,Viet Nam,2006,East Asia & Pacific,Lower middle income,Hanoi,21.0069,105.825,6098.24495436514,6.97795481056711,7.41801715108469,74.596,70.727,103.91251373291,73.293,17.2545617186662
VNM,Viet Nam,2007,East Asia & Pacific,Lower middle income,Hanoi,21.0069,105.825,6418.54381402878,7.12950448605439,8.34444889773847,75.032,71.138,102.282257080078,73.385,20.7554447679753
VNM,Viet Nam,2008,East Asia & Pacific,Lower middle income,Hanoi,21.0069,105.825,6659.13561432065,5.66177120891362,23.1154483474477,75.587,71.55,100.98104095459,73.455,23.92
VNM,Viet Nam,2009,East Asia & Pacific,Lower middle income,Hanoi,21.0069,105.825,6914.33863589545,5.39789754014181,6.71698269988631,76.039,71.906,100.057693481445,73.525,26.55
VNM,Viet Nam,2010,East Asia & Pacific,Lower middle income,Hanoi,21.0069,105.825,7274.73310698016,6.42324482239482,9.20746648778413,76.268,71.731,100.919677734375,73.611,30.65
VNM,Viet Nam,2011,East Asia & Pacific,Lower middle income,Hanoi,21.0069,105.825,7652.61895672271,6.41316889681683,18.6777322770706,76.372,71.715,101.384051611447,73.713,35.07
VNM,Viet Nam,2012,East Asia & Pacific,Lower middle income,Hanoi,21.0069,105.825,7979.86828926858,5.5045447041189,9.09470339557193,76.323,71.983,102.054953695526,73.762,36.79999924
VNM,Viet Nam,2013,East Asia & Pacific,Lower middle income,Hanoi,21.0069,105.825,8324.19871250047,5.55351081026072,6.59267475899192,77.234,72.906,102.262367182756,73.821,38.5
VNM,Viet Nam,2014,East Asia & Pacific,Lower middle income,Hanoi,21.0069,105.825,8751.88280634375,6.42224312118567,4.08455446637625,77.306,73.059,103.083557760139,73.886,41
VNM,Viet Nam,2015,East Asia & Pacific,Lower middle income,Hanoi,21.0069,105.825,9248.02396069622,6.98715430598611,0.631200905175685,77.43,72.863,103.278372065069,73.955,45
VNM,Viet Nam,2016,East Asia & Pacific,Lower middle income,Hanoi,21.0069,105.825,9743.1882231455,6.69000892660424,2.66824816969082,76.965,72.53,105.947597481197,73.984,53
VNM,Viet Nam,2017,East Asia & Pacific,Lower middle income,Hanoi,21.0069,105.825,10290.5487142244,6.94019037359206,3.52025688811618,77.2,72.575,104.437659436385,74.026,58.1400000036297
VNM,Viet Nam,2018,East Asia & Pacific,Lower middle income,Hanoi,21.0069,105.825,10936.8937859558,7.46500685572751,3.53962805942641,77.482,72.897,104.190504718464,74.1,69.8479286837965
VNM,Viet Nam,2019,East Asia & Pacific,Lower middle income,Hanoi,21.0069,105.825,11628.6139147451,7.35926270105006,2.79582367452244,76.615,71.511,103.337272102979,74.211,68.6615802057338
VNM,Viet Nam,2020,East Asia & Pacific,Lower middle income,Hanoi,21.0069,105.825,11851.3965685649,2.86541320912272,3.22093436652515,74.367,69.095,102.847744602601,75.383,70.300000120000007
VNM,Viet Nam,2021,East Asia & Pacific,Lower middle income,Hanoi,21.0069,105.825,12048.9019935536,2.55372852648131,1.83471554810462,73.738,69.107,103.391282723881,74.145,74.20999985
VNM,Viet Nam,2022,East Asia & Pacific,Lower middle income,Hanoi,21.0069,105.825,12979.7638983711,8.53750041218142,3.15650749963112,74.484,69.878,104.129392785949,74.502,78.58999918
VNM,Viet Nam,2023,East Asia & Pacific,Lower middle income,Hanoi,21.0069,105.825,13534.7997843016,4.97865959483225,3.25289282667662,73.545,69.215,105.170807361038,74.588,78.08
VNM,Viet Nam,2024,East Asia & Pacific,Lower middle income,Hanoi,21.0069,105.825,14396.4217369473,7.03955197123018,3.62109273885844,73.134,68.905,106.332886485835,74.736,84.15
VNM,Viet Nam,2025,East Asia & Pacific,Lower middle income,Hanoi,21.0069,105.825,15457.3499403547,8.01882998978245,3.3099931421974,72.778,68.551,,,
